{
  "abbc6f2b04f4a4998758377768b46ed1" : {
    "statistic" : {
      "failed" : 0,
      "broken" : 0,
      "skipped" : 0,
      "passed" : 1,
      "unknown" : 0,
      "total" : 1
    },
    "items" : [ {
      "uid" : "836359c116069883",
      "status" : "passed",
      "time" : {
        "start" : 1609083727305,
        "stop" : 1609083727305,
        "duration" : 0
      }
    } ]
  },
  "f7f70cfaf66a653d0b477c5b135ca4df" : {
    "statistic" : {
      "failed" : 0,
      "broken" : 0,
      "skipped" : 0,
      "passed" : 1,
      "unknown" : 0,
      "total" : 1
    },
    "items" : [ {
      "uid" : "430c9250146dbf13",
      "status" : "passed",
      "time" : {
        "start" : 1609083822478,
        "stop" : 1609083822478,
        "duration" : 0
      }
    } ]
  },
  "e6da1fdb4e1604beb3440c0051631a30" : {
    "statistic" : {
      "failed" : 0,
      "broken" : 0,
      "skipped" : 0,
      "passed" : 1,
      "unknown" : 0,
      "total" : 1
    },
    "items" : [ {
      "uid" : "46cbb710fd0e22dd",
      "status" : "passed",
      "time" : {
        "start" : 1609083822597,
        "stop" : 1609083822598,
        "duration" : 1
      }
    } ]
  },
  "81395ae57f57eb28993299a055d1797c" : {
    "statistic" : {
      "failed" : 0,
      "broken" : 0,
      "skipped" : 0,
      "passed" : 1,
      "unknown" : 0,
      "total" : 1
    },
    "items" : [ {
      "uid" : "4a70723e7aa4ffe7",
      "status" : "passed",
      "time" : {
        "start" : 1609083775040,
        "stop" : 1609083779394,
        "duration" : 4354
      }
    } ]
  },
  "1618ada97d59721a4ec65274c6d6eefb" : {
    "statistic" : {
      "failed" : 0,
      "broken" : 0,
      "skipped" : 0,
      "passed" : 1,
      "unknown" : 0,
      "total" : 1
    },
    "items" : [ {
      "uid" : "f5c2f6bd93497bf6",
      "status" : "passed",
      "time" : {
        "start" : 1609083727313,
        "stop" : 1609083727313,
        "duration" : 0
      }
    } ]
  },
  "6fd0875e33cfa7d3de1619c2b2c4ad35" : {
    "statistic" : {
      "failed" : 0,
      "broken" : 0,
      "skipped" : 0,
      "passed" : 1,
      "unknown" : 0,
      "total" : 1
    },
    "items" : [ {
      "uid" : "9abc7fe11fd2ceee",
      "status" : "passed",
      "time" : {
        "start" : 1609083822445,
        "stop" : 1609083822446,
        "duration" : 1
      }
    } ]
  },
  "466f2c529b3acf356740e52d783ca185" : {
    "statistic" : {
      "failed" : 0,
      "broken" : 0,
      "skipped" : 1,
      "passed" : 0,
      "unknown" : 0,
      "total" : 1
    },
    "items" : [ {
      "uid" : "69e18ad73625f73e",
      "status" : "skipped",
      "statusDetails" : "Skipped: This is a skipped test.",
      "time" : {
        "start" : 1609083727417,
        "stop" : 1609083727417,
        "duration" : 0
      }
    } ]
  },
  "399d54c404a2d4ef4385c8736550c5fb" : {
    "statistic" : {
      "failed" : 0,
      "broken" : 0,
      "skipped" : 0,
      "passed" : 1,
      "unknown" : 0,
      "total" : 1
    },
    "items" : [ {
      "uid" : "a560d4288e76d3b1",
      "status" : "passed",
      "time" : {
        "start" : 1609083720933,
        "stop" : 1609083721945,
        "duration" : 1012
      }
    } ]
  },
  "7c9f0cb457da2982fe9d607b8262a081" : {
    "statistic" : {
      "failed" : 0,
      "broken" : 0,
      "skipped" : 0,
      "passed" : 1,
      "unknown" : 0,
      "total" : 1
    },
    "items" : [ {
      "uid" : "44a8c173996a1816",
      "status" : "passed",
      "time" : {
        "start" : 1609083822639,
        "stop" : 1609083822640,
        "duration" : 1
      }
    } ]
  },
  "2d0ce46ae6320c623b96e94af0d2098d" : {
    "statistic" : {
      "failed" : 0,
      "broken" : 0,
      "skipped" : 0,
      "passed" : 1,
      "unknown" : 0,
      "total" : 1
    },
    "items" : [ {
      "uid" : "ff73ec2856a90750",
      "status" : "passed",
      "time" : {
        "start" : 1609083817973,
        "stop" : 1609083817974,
        "duration" : 1
      }
    } ]
  },
  "6147bdbe42d75ca1977332ab90a760c8" : {
    "statistic" : {
      "failed" : 0,
      "broken" : 0,
      "skipped" : 0,
      "passed" : 1,
      "unknown" : 0,
      "total" : 1
    },
    "items" : [ {
      "uid" : "30aa69468b1575b",
      "status" : "passed",
      "time" : {
        "start" : 1609083725229,
        "stop" : 1609083726241,
        "duration" : 1012
      }
    } ]
  },
  "592553a31cdf4ea644b9150acf68380c" : {
    "statistic" : {
      "failed" : 0,
      "broken" : 0,
      "skipped" : 0,
      "passed" : 1,
      "unknown" : 0,
      "total" : 1
    },
    "items" : [ {
      "uid" : "8e7f27fd61bc6a2d",
      "status" : "passed",
      "time" : {
        "start" : 1609083822560,
        "stop" : 1609083822560,
        "duration" : 0
      }
    } ]
  },
  "0023bc4f3f4041e05cdc720da5179f98" : {
    "statistic" : {
      "failed" : 0,
      "broken" : 0,
      "skipped" : 0,
      "passed" : 1,
      "unknown" : 0,
      "total" : 1
    },
    "items" : [ {
      "uid" : "2a95afb5881889bc",
      "status" : "passed",
      "time" : {
        "start" : 1609083822352,
        "stop" : 1609083822352,
        "duration" : 0
      }
    } ]
  },
  "61e9a37048289b019f3b9077404b3b96" : {
    "statistic" : {
      "failed" : 0,
      "broken" : 0,
      "skipped" : 0,
      "passed" : 1,
      "unknown" : 0,
      "total" : 1
    },
    "items" : [ {
      "uid" : "da4c3fdf4705904",
      "status" : "passed",
      "time" : {
        "start" : 1609083822573,
        "stop" : 1609083822573,
        "duration" : 0
      }
    } ]
  },
  "a30ce40f2b4b891df2596532fa0b8658" : {
    "statistic" : {
      "failed" : 0,
      "broken" : 0,
      "skipped" : 0,
      "passed" : 1,
      "unknown" : 0,
      "total" : 1
    },
    "items" : [ {
      "uid" : "a9590d78d69c981d",
      "status" : "passed",
      "time" : {
        "start" : 1609083820288,
        "stop" : 1609083821294,
        "duration" : 1006
      }
    } ]
  },
  "955257c5d51c25b6eb9370f33a3a150f" : {
    "statistic" : {
      "failed" : 0,
      "broken" : 0,
      "skipped" : 0,
      "passed" : 1,
      "unknown" : 0,
      "total" : 1
    },
    "items" : [ {
      "uid" : "d66533754326f266",
      "status" : "passed",
      "time" : {
        "start" : 1609083719921,
        "stop" : 1609083720923,
        "duration" : 1002
      }
    } ]
  },
  "c2e7133d0fa2dd35fdc9e8ab7a6f363f" : {
    "statistic" : {
      "failed" : 0,
      "broken" : 0,
      "skipped" : 0,
      "passed" : 1,
      "unknown" : 0,
      "total" : 1
    },
    "items" : [ {
      "uid" : "72faeff41dbdcf9",
      "status" : "passed",
      "time" : {
        "start" : 1609083822418,
        "stop" : 1609083822418,
        "duration" : 0
      }
    } ]
  },
  "560fc62edab733669e2c26ca00af7df2" : {
    "statistic" : {
      "failed" : 0,
      "broken" : 0,
      "skipped" : 0,
      "passed" : 1,
      "unknown" : 0,
      "total" : 1
    },
    "items" : [ {
      "uid" : "957590af9f3e2bc",
      "status" : "passed",
      "time" : {
        "start" : 1609083822585,
        "stop" : 1609083822585,
        "duration" : 0
      }
    } ]
  },
  "fdef70f06ffcee20e1fe45a381bc3fb9" : {
    "statistic" : {
      "failed" : 0,
      "broken" : 0,
      "skipped" : 0,
      "passed" : 1,
      "unknown" : 0,
      "total" : 1
    },
    "items" : [ {
      "uid" : "9b9c33c00c5a16a",
      "status" : "passed",
      "time" : {
        "start" : 1609083822495,
        "stop" : 1609083822495,
        "duration" : 0
      }
    } ]
  },
  "98048a6c645867fd3c5905a1919a8b72" : {
    "statistic" : {
      "failed" : 0,
      "broken" : 0,
      "skipped" : 0,
      "passed" : 1,
      "unknown" : 0,
      "total" : 1
    },
    "items" : [ {
      "uid" : "5ea96407b3307522",
      "status" : "passed",
      "time" : {
        "start" : 1609083721954,
        "stop" : 1609083722963,
        "duration" : 1009
      }
    } ]
  },
  "586c45f0b38c1ece184919675efda273" : {
    "statistic" : {
      "failed" : 0,
      "broken" : 0,
      "skipped" : 0,
      "passed" : 1,
      "unknown" : 0,
      "total" : 1
    },
    "items" : [ {
      "uid" : "f00452526afd54f4",
      "status" : "passed",
      "time" : {
        "start" : 1609083779405,
        "stop" : 1609083784440,
        "duration" : 5035
      }
    } ]
  },
  "6d4840b398b7cf6818dc3df097d1a657" : {
    "statistic" : {
      "failed" : 0,
      "broken" : 0,
      "skipped" : 0,
      "passed" : 1,
      "unknown" : 0,
      "total" : 1
    },
    "items" : [ {
      "uid" : "1d84535556351575",
      "status" : "passed",
      "time" : {
        "start" : 1609083727432,
        "stop" : 1609083738136,
        "duration" : 10704
      }
    } ]
  },
  "14b042cd8cbedb1d7d3634f0e3727dae" : {
    "statistic" : {
      "failed" : 0,
      "broken" : 0,
      "skipped" : 0,
      "passed" : 1,
      "unknown" : 0,
      "total" : 1
    },
    "items" : [ {
      "uid" : "597b76f54995abfd",
      "status" : "passed",
      "time" : {
        "start" : 1609083793775,
        "stop" : 1609083798152,
        "duration" : 4377
      }
    } ]
  },
  "d95601886e7914b08912baa0809b51d3" : {
    "statistic" : {
      "failed" : 0,
      "broken" : 0,
      "skipped" : 0,
      "passed" : 1,
      "unknown" : 0,
      "total" : 1
    },
    "items" : [ {
      "uid" : "115bd7c2f498d0c4",
      "status" : "passed",
      "time" : {
        "start" : 1609083822508,
        "stop" : 1609083822508,
        "duration" : 0
      }
    } ]
  },
  "cb8504b4ac7d1030dae747756e17efec" : {
    "statistic" : {
      "failed" : 0,
      "broken" : 0,
      "skipped" : 0,
      "passed" : 1,
      "unknown" : 0,
      "total" : 1
    },
    "items" : [ {
      "uid" : "c974387e858c15f0",
      "status" : "passed",
      "time" : {
        "start" : 1609083821306,
        "stop" : 1609083822309,
        "duration" : 1003
      }
    } ]
  },
  "1c716776bfc03aa0a992c15616772aa1" : {
    "statistic" : {
      "failed" : 0,
      "broken" : 0,
      "skipped" : 0,
      "passed" : 1,
      "unknown" : 0,
      "total" : 1
    },
    "items" : [ {
      "uid" : "36cbf5f4844d3295",
      "status" : "passed",
      "time" : {
        "start" : 1609083813054,
        "stop" : 1609083817947,
        "duration" : 4893
      }
    } ]
  },
  "7b64c6f9655b841693d8275339f958d5" : {
    "statistic" : {
      "failed" : 0,
      "broken" : 0,
      "skipped" : 0,
      "passed" : 1,
      "unknown" : 0,
      "total" : 1
    },
    "items" : [ {
      "uid" : "5154e61533ced5b3",
      "status" : "passed",
      "time" : {
        "start" : 1609083715852,
        "stop" : 1609083716865,
        "duration" : 1013
      }
    } ]
  },
  "41058f32db860d36053e240fa36b7ab3" : {
    "statistic" : {
      "failed" : 0,
      "broken" : 0,
      "skipped" : 0,
      "passed" : 1,
      "unknown" : 0,
      "total" : 1
    },
    "items" : [ {
      "uid" : "ea2870dbfbd7fb5e",
      "status" : "passed",
      "time" : {
        "start" : 1609083789182,
        "stop" : 1609083793764,
        "duration" : 4582
      }
    } ]
  },
  "1ecb0a2ad275ccba5bbb10eab80fd6c4" : {
    "statistic" : {
      "failed" : 0,
      "broken" : 0,
      "skipped" : 0,
      "passed" : 1,
      "unknown" : 0,
      "total" : 1
    },
    "items" : [ {
      "uid" : "fd7ba1b7343a405b",
      "status" : "passed",
      "time" : {
        "start" : 1609083822522,
        "stop" : 1609083822523,
        "duration" : 1
      }
    } ]
  },
  "4e5e87697352338ee6579eea611742c8" : {
    "statistic" : {
      "failed" : 0,
      "broken" : 0,
      "skipped" : 0,
      "passed" : 1,
      "unknown" : 0,
      "total" : 1
    },
    "items" : [ {
      "uid" : "dc5501f449a73c1f",
      "status" : "passed",
      "time" : {
        "start" : 1609083817956,
        "stop" : 1609083817956,
        "duration" : 0
      }
    } ]
  },
  "76671e65cc2a2c5188167caef305eca8" : {
    "statistic" : {
      "failed" : 0,
      "broken" : 0,
      "skipped" : 0,
      "passed" : 1,
      "unknown" : 0,
      "total" : 1
    },
    "items" : [ {
      "uid" : "85d562179f49c4cd",
      "status" : "passed",
      "time" : {
        "start" : 1609083822612,
        "stop" : 1609083822613,
        "duration" : 1
      }
    } ]
  },
  "bfad8289ad494c28fd3b52d4a51d1278" : {
    "statistic" : {
      "failed" : 0,
      "broken" : 0,
      "skipped" : 0,
      "passed" : 1,
      "unknown" : 0,
      "total" : 1
    },
    "items" : [ {
      "uid" : "f51e6d1fd56cc96e",
      "status" : "passed",
      "time" : {
        "start" : 1609083817964,
        "stop" : 1609083817965,
        "duration" : 1
      }
    } ]
  },
  "256a2f85aaec764b07169b7b36aa00e3" : {
    "statistic" : {
      "failed" : 0,
      "broken" : 0,
      "skipped" : 0,
      "passed" : 1,
      "unknown" : 0,
      "total" : 1
    },
    "items" : [ {
      "uid" : "d0847e31d776f4b0",
      "status" : "passed",
      "time" : {
        "start" : 1609083822651,
        "stop" : 1609083822651,
        "duration" : 0
      }
    } ]
  },
  "a6a6a2bfc4e66227367dd430cbfe5721" : {
    "statistic" : {
      "failed" : 0,
      "broken" : 0,
      "skipped" : 0,
      "passed" : 1,
      "unknown" : 0,
      "total" : 1
    },
    "items" : [ {
      "uid" : "990759bd2ccb903",
      "status" : "passed",
      "time" : {
        "start" : 1609083798164,
        "stop" : 1609083803499,
        "duration" : 5335
      }
    } ]
  },
  "1028fd3f98c4a0981e4074a76daa7d5a" : {
    "statistic" : {
      "failed" : 0,
      "broken" : 0,
      "skipped" : 0,
      "passed" : 1,
      "unknown" : 0,
      "total" : 1
    },
    "items" : [ {
      "uid" : "ed0f54aafd563c30",
      "status" : "passed",
      "time" : {
        "start" : 1609083714840,
        "stop" : 1609083715843,
        "duration" : 1003
      }
    } ]
  },
  "9e084da93e95caa850423ec8213ed054" : {
    "statistic" : {
      "failed" : 0,
      "broken" : 0,
      "skipped" : 0,
      "passed" : 1,
      "unknown" : 0,
      "total" : 1
    },
    "items" : [ {
      "uid" : "841169a0b577d672",
      "status" : "passed",
      "time" : {
        "start" : 1609083803513,
        "stop" : 1609083808211,
        "duration" : 4698
      }
    } ]
  },
  "2a87bd509ff2840970617fbc62dbb5d3" : {
    "statistic" : {
      "failed" : 0,
      "broken" : 0,
      "skipped" : 0,
      "passed" : 1,
      "unknown" : 0,
      "total" : 1
    },
    "items" : [ {
      "uid" : "64142b098fba5708",
      "status" : "passed",
      "time" : {
        "start" : 1609083822382,
        "stop" : 1609083822382,
        "duration" : 0
      }
    } ]
  },
  "d4c2412ec4375a63e053699b4ca434e1" : {
    "statistic" : {
      "failed" : 0,
      "broken" : 0,
      "skipped" : 0,
      "passed" : 1,
      "unknown" : 0,
      "total" : 1
    },
    "items" : [ {
      "uid" : "f4d7bf6775752733",
      "status" : "passed",
      "time" : {
        "start" : 1609083716874,
        "stop" : 1609083717877,
        "duration" : 1003
      }
    } ]
  },
  "e55f04f9710c82db4302dc60b1399bba" : {
    "statistic" : {
      "failed" : 1,
      "broken" : 0,
      "skipped" : 0,
      "passed" : 0,
      "unknown" : 0,
      "total" : 1
    },
    "items" : [ {
      "uid" : "237ec69a3e9113db",
      "status" : "failed",
      "statusDetails" : "AssertionError: 1 != 2",
      "time" : {
        "start" : 1609083727409,
        "stop" : 1609083727410,
        "duration" : 1
      }
    } ]
  },
  "3c780a6d5664a0e4a68713edb1fdd7bd" : {
    "statistic" : {
      "failed" : 0,
      "broken" : 0,
      "skipped" : 0,
      "passed" : 1,
      "unknown" : 0,
      "total" : 1
    },
    "items" : [ {
      "uid" : "5012179e41cb9b6f",
      "status" : "passed",
      "time" : {
        "start" : 1609083727295,
        "stop" : 1609083727296,
        "duration" : 1
      }
    } ]
  },
  "b90f88588e113813696dd03de77db11c" : {
    "statistic" : {
      "failed" : 0,
      "broken" : 0,
      "skipped" : 0,
      "passed" : 1,
      "unknown" : 0,
      "total" : 1
    },
    "items" : [ {
      "uid" : "d85a7be31c8fb7c9",
      "status" : "passed",
      "time" : {
        "start" : 1609083822431,
        "stop" : 1609083822432,
        "duration" : 1
      }
    } ]
  },
  "a18cbb2991b35241d494d565a5a598d9" : {
    "statistic" : {
      "failed" : 0,
      "broken" : 0,
      "skipped" : 0,
      "passed" : 1,
      "unknown" : 0,
      "total" : 1
    },
    "items" : [ {
      "uid" : "861a3f152e77374f",
      "status" : "passed",
      "time" : {
        "start" : 1609083822322,
        "stop" : 1609083822322,
        "duration" : 0
      }
    } ]
  },
  "02a0702cff5a1954dea4e9e436252bbb" : {
    "statistic" : {
      "failed" : 0,
      "broken" : 0,
      "skipped" : 0,
      "passed" : 1,
      "unknown" : 0,
      "total" : 1
    },
    "items" : [ {
      "uid" : "d243146209720954",
      "status" : "passed",
      "time" : {
        "start" : 1609083756720,
        "stop" : 1609083765460,
        "duration" : 8740
      }
    } ]
  },
  "c03dc3f03c37a86635abd2b5fa5b0da8" : {
    "statistic" : {
      "failed" : 0,
      "broken" : 0,
      "skipped" : 0,
      "passed" : 1,
      "unknown" : 0,
      "total" : 1
    },
    "items" : [ {
      "uid" : "4ece9c01aab8870f",
      "status" : "passed",
      "time" : {
        "start" : 1609083822467,
        "stop" : 1609083822468,
        "duration" : 1
      }
    } ]
  },
  "120f36d3e67173472372be99b73957bd" : {
    "statistic" : {
      "failed" : 0,
      "broken" : 0,
      "skipped" : 0,
      "passed" : 1,
      "unknown" : 0,
      "total" : 1
    },
    "items" : [ {
      "uid" : "835d53b8fec73fdd",
      "status" : "passed",
      "time" : {
        "start" : 1609083738147,
        "stop" : 1609083753395,
        "duration" : 15248
      }
    } ]
  },
  "3dd05a1962fd0209e2136331f60ebdd2" : {
    "statistic" : {
      "failed" : 0,
      "broken" : 0,
      "skipped" : 0,
      "passed" : 1,
      "unknown" : 0,
      "total" : 1
    },
    "items" : [ {
      "uid" : "c428d4e59a44d361",
      "status" : "passed",
      "time" : {
        "start" : 1609083822536,
        "stop" : 1609083822536,
        "duration" : 0
      }
    } ]
  },
  "8b7d5d5c71035fbb9fbba744983720fb" : {
    "statistic" : {
      "failed" : 0,
      "broken" : 0,
      "skipped" : 0,
      "passed" : 1,
      "unknown" : 0,
      "total" : 1
    },
    "items" : [ {
      "uid" : "db17144dd12cfdd3",
      "status" : "passed",
      "time" : {
        "start" : 1609083822626,
        "stop" : 1609083822627,
        "duration" : 1
      }
    } ]
  },
  "18e09b649c8091f4749114652294415b" : {
    "statistic" : {
      "failed" : 0,
      "broken" : 0,
      "skipped" : 0,
      "passed" : 1,
      "unknown" : 0,
      "total" : 1
    },
    "items" : [ {
      "uid" : "6c32632418a639af",
      "status" : "passed",
      "time" : {
        "start" : 1609083822548,
        "stop" : 1609083822548,
        "duration" : 0
      }
    } ]
  },
  "caf8b85e95d8771452509de307b01ffd" : {
    "statistic" : {
      "failed" : 0,
      "broken" : 0,
      "skipped" : 0,
      "passed" : 1,
      "unknown" : 0,
      "total" : 1
    },
    "items" : [ {
      "uid" : "1d37f59ccbd4c2a",
      "status" : "passed",
      "time" : {
        "start" : 1609083765473,
        "stop" : 1609083770289,
        "duration" : 4816
      }
    } ]
  },
  "65efaf478db2ca39231403dd7f66d4c4" : {
    "statistic" : {
      "failed" : 0,
      "broken" : 0,
      "skipped" : 0,
      "passed" : 1,
      "unknown" : 0,
      "total" : 1
    },
    "items" : [ {
      "uid" : "d9644f36f06ee3f8",
      "status" : "passed",
      "time" : {
        "start" : 1609083822404,
        "stop" : 1609083822405,
        "duration" : 1
      }
    } ]
  },
  "37e635499e47d6ea003448a99bf9ee74" : {
    "statistic" : {
      "failed" : 0,
      "broken" : 0,
      "skipped" : 0,
      "passed" : 1,
      "unknown" : 0,
      "total" : 1
    },
    "items" : [ {
      "uid" : "19c6ee2126efe92a",
      "status" : "passed",
      "time" : {
        "start" : 1609083822362,
        "stop" : 1609083822362,
        "duration" : 0
      }
    } ]
  },
  "b4c326928b4981db6ca1ebcdc841bf99" : {
    "statistic" : {
      "failed" : 0,
      "broken" : 0,
      "skipped" : 0,
      "passed" : 1,
      "unknown" : 0,
      "total" : 1
    },
    "items" : [ {
      "uid" : "b5257de683aab5a2",
      "status" : "passed",
      "time" : {
        "start" : 1609083808219,
        "stop" : 1609083813041,
        "duration" : 4822
      }
    } ]
  },
  "d764e7602d1e2869c0362b088b613ea2" : {
    "statistic" : {
      "failed" : 0,
      "broken" : 0,
      "skipped" : 0,
      "passed" : 1,
      "unknown" : 0,
      "total" : 1
    },
    "items" : [ {
      "uid" : "6f3059a3d7e60772",
      "status" : "passed",
      "time" : {
        "start" : 1609083822487,
        "stop" : 1609083822488,
        "duration" : 1
      }
    } ]
  },
  "416ba727ca3a1eadbfa61c3b6f45097b" : {
    "statistic" : {
      "failed" : 0,
      "broken" : 0,
      "skipped" : 0,
      "passed" : 1,
      "unknown" : 0,
      "total" : 1
    },
    "items" : [ {
      "uid" : "66e80277765054d3",
      "status" : "passed",
      "time" : {
        "start" : 1609083717889,
        "stop" : 1609083718896,
        "duration" : 1007
      }
    } ]
  },
  "4407395f5146035bc6966256d89f2f47" : {
    "statistic" : {
      "failed" : 0,
      "broken" : 1,
      "skipped" : 0,
      "passed" : 0,
      "unknown" : 0,
      "total" : 1
    },
    "items" : [ {
      "uid" : "ff605cf536c3b53",
      "status" : "broken",
      "statusDetails" : "ValueError",
      "time" : {
        "start" : 1609083727321,
        "stop" : 1609083727322,
        "duration" : 1
      }
    } ]
  },
  "72b84dffdbe74abc7f4e5e43bc3209ec" : {
    "statistic" : {
      "failed" : 0,
      "broken" : 0,
      "skipped" : 0,
      "passed" : 1,
      "unknown" : 0,
      "total" : 1
    },
    "items" : [ {
      "uid" : "f686d740255ccbe5",
      "status" : "passed",
      "time" : {
        "start" : 1609083822393,
        "stop" : 1609083822393,
        "duration" : 0
      }
    } ]
  },
  "4458a25e90bb744186d27afae6fea090" : {
    "statistic" : {
      "failed" : 0,
      "broken" : 0,
      "skipped" : 0,
      "passed" : 1,
      "unknown" : 0,
      "total" : 1
    },
    "items" : [ {
      "uid" : "b0cf1c006ad7cd25",
      "status" : "passed",
      "time" : {
        "start" : 1609083726253,
        "stop" : 1609083727261,
        "duration" : 1008
      }
    } ]
  },
  "9fdc8d529d8f384876290183cb678244" : {
    "statistic" : {
      "failed" : 0,
      "broken" : 0,
      "skipped" : 0,
      "passed" : 1,
      "unknown" : 0,
      "total" : 1
    },
    "items" : [ {
      "uid" : "34f48ae3f219441e",
      "status" : "passed",
      "time" : {
        "start" : 1609083822456,
        "stop" : 1609083822457,
        "duration" : 1
      }
    } ]
  },
  "92b437c84d2ff92155f08e4fc2471171" : {
    "statistic" : {
      "failed" : 0,
      "broken" : 0,
      "skipped" : 0,
      "passed" : 1,
      "unknown" : 0,
      "total" : 1
    },
    "items" : [ {
      "uid" : "d9b11db7d60657c7",
      "status" : "passed",
      "time" : {
        "start" : 1609083713815,
        "stop" : 1609083714825,
        "duration" : 1010
      }
    } ]
  },
  "4a99a4f35e88117baa755bd51864964a" : {
    "statistic" : {
      "failed" : 0,
      "broken" : 0,
      "skipped" : 0,
      "passed" : 1,
      "unknown" : 0,
      "total" : 1
    },
    "items" : [ {
      "uid" : "a395445ac97d98ce",
      "status" : "passed",
      "time" : {
        "start" : 1609083822328,
        "stop" : 1609083822329,
        "duration" : 1
      }
    } ]
  },
  "c2d6f233ac3da08b9bdd15251726c2e5" : {
    "statistic" : {
      "failed" : 0,
      "broken" : 0,
      "skipped" : 0,
      "passed" : 1,
      "unknown" : 0,
      "total" : 1
    },
    "items" : [ {
      "uid" : "33cfea3f40034857",
      "status" : "passed",
      "time" : {
        "start" : 1609083727424,
        "stop" : 1609083727424,
        "duration" : 0
      }
    } ]
  },
  "025e4cd2a644060d821a4d8514ca43b5" : {
    "statistic" : {
      "failed" : 0,
      "broken" : 0,
      "skipped" : 0,
      "passed" : 1,
      "unknown" : 0,
      "total" : 1
    },
    "items" : [ {
      "uid" : "3485405a48a519bd",
      "status" : "passed",
      "time" : {
        "start" : 1609083822340,
        "stop" : 1609083822341,
        "duration" : 1
      }
    } ]
  },
  "ee80ec96fac36ec1b15597a22728ca9e" : {
    "statistic" : {
      "failed" : 0,
      "broken" : 0,
      "skipped" : 0,
      "passed" : 1,
      "unknown" : 0,
      "total" : 1
    },
    "items" : [ {
      "uid" : "38f2973067766d3",
      "status" : "passed",
      "time" : {
        "start" : 1609083784454,
        "stop" : 1609083789170,
        "duration" : 4716
      }
    } ]
  },
  "b8c3b243efddcd9dd76a845e4c446c39" : {
    "statistic" : {
      "failed" : 0,
      "broken" : 0,
      "skipped" : 0,
      "passed" : 1,
      "unknown" : 0,
      "total" : 1
    },
    "items" : [ {
      "uid" : "fe0de6218d24110",
      "status" : "passed",
      "time" : {
        "start" : 1609083822371,
        "stop" : 1609083822371,
        "duration" : 0
      }
    } ]
  },
  "58fcf1b99daa2e6a93de4ce66871361f" : {
    "statistic" : {
      "failed" : 0,
      "broken" : 0,
      "skipped" : 0,
      "passed" : 1,
      "unknown" : 0,
      "total" : 1
    },
    "items" : [ {
      "uid" : "9928f832bd6c0bef",
      "status" : "passed",
      "time" : {
        "start" : 1609083822334,
        "stop" : 1609083822334,
        "duration" : 0
      }
    } ]
  },
  "f4b51642c206bfb133df697ae8c3dd77" : {
    "statistic" : {
      "failed" : 0,
      "broken" : 0,
      "skipped" : 0,
      "passed" : 1,
      "unknown" : 0,
      "total" : 1
    },
    "items" : [ {
      "uid" : "488d46fa31105b59",
      "status" : "passed",
      "time" : {
        "start" : 1609083770298,
        "stop" : 1609083775029,
        "duration" : 4731
      }
    } ]
  },
  "b6b24e6c4c8d6d54d405e6b55d2c4bee" : {
    "statistic" : {
      "failed" : 0,
      "broken" : 0,
      "skipped" : 0,
      "passed" : 1,
      "unknown" : 0,
      "total" : 1
    },
    "items" : [ {
      "uid" : "b231d69c4563a326",
      "status" : "passed",
      "time" : {
        "start" : 1609083718908,
        "stop" : 1609083719911,
        "duration" : 1003
      }
    } ]
  }
}