{
  "total" : 46,
  "items" : [ {
    "uid" : "014371d41c0d23a0e7902091ea880ca9",
    "name" : "search",
    "statistic" : {
      "failed" : 0,
      "broken" : 0,
      "skipped" : 0,
      "passed" : 2,
      "unknown" : 0,
      "total" : 2
    }
  }, {
    "uid" : "82bfa9d31ee1e23002cb893fc2da8c0b",
    "name" : "sales",
    "statistic" : {
      "failed" : 0,
      "broken" : 0,
      "skipped" : 0,
      "passed" : 1,
      "unknown" : 0,
      "total" : 1
    }
  } ]
}