[ {
  "uid" : "d66533754326f266",
  "name" : "测试用例标题2",
  "time" : {
    "start" : 1609083719921,
    "stop" : 1609083720923,
    "duration" : 1002
  },
  "status" : "passed",
  "severity" : "normal"
}, {
  "uid" : "c974387e858c15f0",
  "name" : "test_something",
  "time" : {
    "start" : 1609083821306,
    "stop" : 1609083822309,
    "duration" : 1003
  },
  "status" : "passed",
  "severity" : "normal"
}, {
  "uid" : "1d37f59ccbd4c2a",
  "name" : "测试用例标题1",
  "time" : {
    "start" : 1609083765473,
    "stop" : 1609083770289,
    "duration" : 4816
  },
  "status" : "passed",
  "severity" : "normal"
}, {
  "uid" : "836359c116069883",
  "name" : "test_2_run",
  "time" : {
    "start" : 1609083727305,
    "stop" : 1609083727305,
    "duration" : 0
  },
  "status" : "passed",
  "severity" : "normal"
}, {
  "uid" : "f4d7bf6775752733",
  "name" : "测试用例标题2",
  "time" : {
    "start" : 1609083716874,
    "stop" : 1609083717877,
    "duration" : 1003
  },
  "status" : "passed",
  "severity" : "normal"
}, {
  "uid" : "957590af9f3e2bc",
  "name" : "test_user02[Canada2--China1]",
  "time" : {
    "start" : 1609083822585,
    "stop" : 1609083822585,
    "duration" : 0
  },
  "status" : "passed",
  "severity" : "normal"
}, {
  "uid" : "4ece9c01aab8870f",
  "name" : "test_fixture01[-China1--USA1]",
  "time" : {
    "start" : 1609083822467,
    "stop" : 1609083822468,
    "duration" : 1
  },
  "status" : "passed",
  "severity" : "normal"
}, {
  "uid" : "d9b11db7d60657c7",
  "name" : "test_google_search_furniture[China]",
  "time" : {
    "start" : 1609083713815,
    "stop" : 1609083714825,
    "duration" : 1010
  },
  "status" : "passed",
  "severity" : "normal"
}, {
  "uid" : "36cbf5f4844d3295",
  "name" : "测试用例标题1",
  "time" : {
    "start" : 1609083813054,
    "stop" : 1609083817947,
    "duration" : 4893
  },
  "status" : "passed",
  "severity" : "normal"
}, {
  "uid" : "db17144dd12cfdd3",
  "name" : "test_user02[USA2--China1]",
  "time" : {
    "start" : 1609083822626,
    "stop" : 1609083822627,
    "duration" : 1
  },
  "status" : "passed",
  "severity" : "normal"
}, {
  "uid" : "f00452526afd54f4",
  "name" : "测试用例标题1",
  "time" : {
    "start" : 1609083779405,
    "stop" : 1609083784440,
    "duration" : 5035
  },
  "status" : "passed",
  "severity" : "normal"
}, {
  "uid" : "9b9c33c00c5a16a",
  "name" : "test_fixture01[-Canada1--USA1]",
  "time" : {
    "start" : 1609083822495,
    "stop" : 1609083822495,
    "duration" : 0
  },
  "status" : "passed",
  "severity" : "normal"
}, {
  "uid" : "33cfea3f40034857",
  "name" : "test_upper",
  "time" : {
    "start" : 1609083727424,
    "stop" : 1609083727424,
    "duration" : 0
  },
  "status" : "passed",
  "severity" : "normal"
}, {
  "uid" : "dc5501f449a73c1f",
  "name" : "test_fixture[China]",
  "time" : {
    "start" : 1609083817956,
    "stop" : 1609083817956,
    "duration" : 0
  },
  "status" : "passed",
  "severity" : "normal"
}, {
  "uid" : "d85a7be31c8fb7c9",
  "name" : "test_fixture02[USA2--USA1]",
  "time" : {
    "start" : 1609083822431,
    "stop" : 1609083822432,
    "duration" : 1
  },
  "status" : "passed",
  "severity" : "normal"
}, {
  "uid" : "861a3f152e77374f",
  "name" : "test_fixture01[-China1]",
  "time" : {
    "start" : 1609083822322,
    "stop" : 1609083822322,
    "duration" : 0
  },
  "status" : "passed",
  "severity" : "normal"
}, {
  "uid" : "a560d4288e76d3b1",
  "name" : "测试用例标题2",
  "time" : {
    "start" : 1609083720933,
    "stop" : 1609083721945,
    "duration" : 1012
  },
  "status" : "passed",
  "severity" : "normal"
}, {
  "uid" : "237ec69a3e9113db",
  "name" : "test_fail",
  "time" : {
    "start" : 1609083727409,
    "stop" : 1609083727410,
    "duration" : 1
  },
  "status" : "failed",
  "severity" : "normal"
}, {
  "uid" : "5012179e41cb9b6f",
  "name" : "test_1_run",
  "time" : {
    "start" : 1609083727295,
    "stop" : 1609083727296,
    "duration" : 1
  },
  "status" : "passed",
  "severity" : "normal"
}, {
  "uid" : "430c9250146dbf13",
  "name" : "test_fixture01[-Canada1--China1]",
  "time" : {
    "start" : 1609083822478,
    "stop" : 1609083822478,
    "duration" : 0
  },
  "status" : "passed",
  "severity" : "normal"
}, {
  "uid" : "8e7f27fd61bc6a2d",
  "name" : "test_user02[China2--Canada1]",
  "time" : {
    "start" : 1609083822560,
    "stop" : 1609083822560,
    "duration" : 0
  },
  "status" : "passed",
  "severity" : "normal"
}, {
  "uid" : "d9644f36f06ee3f8",
  "name" : "test_fixture02[USA2--China1]",
  "time" : {
    "start" : 1609083822404,
    "stop" : 1609083822405,
    "duration" : 1
  },
  "status" : "passed",
  "severity" : "normal"
}, {
  "uid" : "30aa69468b1575b",
  "name" : "测试用例标题2",
  "time" : {
    "start" : 1609083725229,
    "stop" : 1609083726241,
    "duration" : 1012
  },
  "status" : "passed",
  "severity" : "normal"
}, {
  "uid" : "64142b098fba5708",
  "name" : "test_fixture02[Canada2--Canada1]",
  "time" : {
    "start" : 1609083822382,
    "stop" : 1609083822382,
    "duration" : 0
  },
  "status" : "passed",
  "severity" : "normal"
}, {
  "uid" : "990759bd2ccb903",
  "name" : "测试用例标题1",
  "time" : {
    "start" : 1609083798164,
    "stop" : 1609083803499,
    "duration" : 5335
  },
  "status" : "passed",
  "severity" : "normal"
}, {
  "uid" : "6f3059a3d7e60772",
  "name" : "test_fixture01[-Canada1--Canada1]",
  "time" : {
    "start" : 1609083822487,
    "stop" : 1609083822488,
    "duration" : 1
  },
  "status" : "passed",
  "severity" : "normal"
}, {
  "uid" : "f5c2f6bd93497bf6",
  "name" : "test_3_run",
  "time" : {
    "start" : 1609083727313,
    "stop" : 1609083727313,
    "duration" : 0
  },
  "status" : "passed",
  "severity" : "normal"
}, {
  "uid" : "44a8c173996a1816",
  "name" : "test_user02[USA2--Canada1]",
  "time" : {
    "start" : 1609083822639,
    "stop" : 1609083822640,
    "duration" : 1
  },
  "status" : "passed",
  "severity" : "normal"
}, {
  "uid" : "46cbb710fd0e22dd",
  "name" : "test_user02[Canada2--Canada1]",
  "time" : {
    "start" : 1609083822597,
    "stop" : 1609083822598,
    "duration" : 1
  },
  "status" : "passed",
  "severity" : "normal"
}, {
  "uid" : "835d53b8fec73fdd",
  "name" : "test_move_to_menu",
  "time" : {
    "start" : 1609083738147,
    "stop" : 1609083753395,
    "duration" : 15248
  },
  "status" : "passed",
  "severity" : "normal"
}, {
  "uid" : "fe0de6218d24110",
  "name" : "test_fixture02[Canada2--China1]",
  "time" : {
    "start" : 1609083822371,
    "stop" : 1609083822371,
    "duration" : 0
  },
  "status" : "passed",
  "severity" : "normal"
}, {
  "uid" : "b231d69c4563a326",
  "name" : "测试用例标题2",
  "time" : {
    "start" : 1609083718908,
    "stop" : 1609083719911,
    "duration" : 1003
  },
  "status" : "passed",
  "severity" : "normal"
}, {
  "uid" : "115bd7c2f498d0c4",
  "name" : "test_fixture01[-USA1--China1]",
  "time" : {
    "start" : 1609083822508,
    "stop" : 1609083822508,
    "duration" : 0
  },
  "status" : "passed",
  "severity" : "normal"
}, {
  "uid" : "3485405a48a519bd",
  "name" : "test_fixture02[China2--China1]",
  "time" : {
    "start" : 1609083822340,
    "stop" : 1609083822341,
    "duration" : 1
  },
  "status" : "passed",
  "severity" : "normal"
}, {
  "uid" : "a395445ac97d98ce",
  "name" : "test_fixture01[-Canada1]",
  "time" : {
    "start" : 1609083822328,
    "stop" : 1609083822329,
    "duration" : 1
  },
  "status" : "passed",
  "severity" : "normal"
}, {
  "uid" : "5ea96407b3307522",
  "name" : "测试用例标题2",
  "time" : {
    "start" : 1609083721954,
    "stop" : 1609083722963,
    "duration" : 1009
  },
  "status" : "passed",
  "severity" : "normal"
}, {
  "uid" : "ff73ec2856a90750",
  "name" : "test_fixture[USA]",
  "time" : {
    "start" : 1609083817973,
    "stop" : 1609083817974,
    "duration" : 1
  },
  "status" : "passed",
  "severity" : "normal"
}, {
  "uid" : "da4c3fdf4705904",
  "name" : "test_user02[China2--USA1]",
  "time" : {
    "start" : 1609083822573,
    "stop" : 1609083822573,
    "duration" : 0
  },
  "status" : "passed",
  "severity" : "normal"
}, {
  "uid" : "488d46fa31105b59",
  "name" : "测试用例标题1",
  "time" : {
    "start" : 1609083770298,
    "stop" : 1609083775029,
    "duration" : 4731
  },
  "status" : "passed",
  "severity" : "normal"
}, {
  "uid" : "c428d4e59a44d361",
  "name" : "test_fixture01[-USA1--USA1]",
  "time" : {
    "start" : 1609083822536,
    "stop" : 1609083822536,
    "duration" : 0
  },
  "status" : "passed",
  "severity" : "normal"
}, {
  "uid" : "72faeff41dbdcf9",
  "name" : "test_fixture02[USA2--Canada1]",
  "time" : {
    "start" : 1609083822418,
    "stop" : 1609083822418,
    "duration" : 0
  },
  "status" : "passed",
  "severity" : "normal"
}, {
  "uid" : "1d84535556351575",
  "name" : "test_google_search",
  "time" : {
    "start" : 1609083727432,
    "stop" : 1609083738136,
    "duration" : 10704
  },
  "status" : "passed",
  "severity" : "normal"
}, {
  "uid" : "85d562179f49c4cd",
  "name" : "test_user02[Canada2--USA1]",
  "time" : {
    "start" : 1609083822612,
    "stop" : 1609083822613,
    "duration" : 1
  },
  "status" : "passed",
  "severity" : "normal"
}, {
  "uid" : "19c6ee2126efe92a",
  "name" : "test_fixture02[China2--USA1]",
  "time" : {
    "start" : 1609083822362,
    "stop" : 1609083822362,
    "duration" : 0
  },
  "status" : "passed",
  "severity" : "normal"
}, {
  "uid" : "ea2870dbfbd7fb5e",
  "name" : "测试用例标题1",
  "time" : {
    "start" : 1609083789182,
    "stop" : 1609083793764,
    "duration" : 4582
  },
  "status" : "passed",
  "severity" : "normal"
}, {
  "uid" : "66e80277765054d3",
  "name" : "测试用例标题2",
  "time" : {
    "start" : 1609083717889,
    "stop" : 1609083718896,
    "duration" : 1007
  },
  "status" : "passed",
  "severity" : "normal"
}, {
  "uid" : "ff605cf536c3b53",
  "name" : "test_error",
  "time" : {
    "start" : 1609083727321,
    "stop" : 1609083727322,
    "duration" : 1
  },
  "status" : "broken",
  "severity" : "normal"
}, {
  "uid" : "69e18ad73625f73e",
  "name" : "test_skip",
  "time" : {
    "start" : 1609083727417,
    "stop" : 1609083727417,
    "duration" : 0
  },
  "status" : "skipped",
  "severity" : "normal"
}, {
  "uid" : "9928f832bd6c0bef",
  "name" : "test_fixture01[-USA1]",
  "time" : {
    "start" : 1609083822334,
    "stop" : 1609083822334,
    "duration" : 0
  },
  "status" : "passed",
  "severity" : "normal"
}, {
  "uid" : "f686d740255ccbe5",
  "name" : "test_fixture02[Canada2--USA1]",
  "time" : {
    "start" : 1609083822393,
    "stop" : 1609083822393,
    "duration" : 0
  },
  "status" : "passed",
  "severity" : "normal"
}, {
  "uid" : "b0cf1c006ad7cd25",
  "name" : "测试用例标题2",
  "time" : {
    "start" : 1609083726253,
    "stop" : 1609083727261,
    "duration" : 1008
  },
  "status" : "passed",
  "severity" : "normal"
}, {
  "uid" : "d243146209720954",
  "name" : "测试用例标题1",
  "time" : {
    "start" : 1609083756720,
    "stop" : 1609083765460,
    "duration" : 8740
  },
  "status" : "passed",
  "severity" : "normal"
}, {
  "uid" : "34f48ae3f219441e",
  "name" : "test_fixture01[-China1--Canada1]",
  "time" : {
    "start" : 1609083822456,
    "stop" : 1609083822457,
    "duration" : 1
  },
  "status" : "passed",
  "severity" : "normal"
}, {
  "uid" : "6c32632418a639af",
  "name" : "test_user02[China2--China1]",
  "time" : {
    "start" : 1609083822548,
    "stop" : 1609083822548,
    "duration" : 0
  },
  "status" : "passed",
  "severity" : "normal"
}, {
  "uid" : "2a95afb5881889bc",
  "name" : "test_fixture02[China2--Canada1]",
  "time" : {
    "start" : 1609083822352,
    "stop" : 1609083822352,
    "duration" : 0
  },
  "status" : "passed",
  "severity" : "normal"
}, {
  "uid" : "597b76f54995abfd",
  "name" : "测试用例标题1",
  "time" : {
    "start" : 1609083793775,
    "stop" : 1609083798152,
    "duration" : 4377
  },
  "status" : "passed",
  "severity" : "normal"
}, {
  "uid" : "ed0f54aafd563c30",
  "name" : "test_google_search_furniture[Canada]",
  "time" : {
    "start" : 1609083714840,
    "stop" : 1609083715843,
    "duration" : 1003
  },
  "status" : "passed",
  "severity" : "normal"
}, {
  "uid" : "841169a0b577d672",
  "name" : "测试用例标题1",
  "time" : {
    "start" : 1609083803513,
    "stop" : 1609083808211,
    "duration" : 4698
  },
  "status" : "passed",
  "severity" : "normal"
}, {
  "uid" : "38f2973067766d3",
  "name" : "测试用例标题1",
  "time" : {
    "start" : 1609083784454,
    "stop" : 1609083789170,
    "duration" : 4716
  },
  "status" : "passed",
  "severity" : "normal"
}, {
  "uid" : "fd7ba1b7343a405b",
  "name" : "test_fixture01[-USA1--Canada1]",
  "time" : {
    "start" : 1609083822522,
    "stop" : 1609083822523,
    "duration" : 1
  },
  "status" : "passed",
  "severity" : "normal"
}, {
  "uid" : "f51e6d1fd56cc96e",
  "name" : "test_fixture[Canada]",
  "time" : {
    "start" : 1609083817964,
    "stop" : 1609083817965,
    "duration" : 1
  },
  "status" : "passed",
  "severity" : "normal"
}, {
  "uid" : "b5257de683aab5a2",
  "name" : "测试用例标题1",
  "time" : {
    "start" : 1609083808219,
    "stop" : 1609083813041,
    "duration" : 4822
  },
  "status" : "passed",
  "severity" : "normal"
}, {
  "uid" : "9abc7fe11fd2ceee",
  "name" : "test_fixture01[-China1--China1]",
  "time" : {
    "start" : 1609083822445,
    "stop" : 1609083822446,
    "duration" : 1
  },
  "status" : "passed",
  "severity" : "normal"
}, {
  "uid" : "4a70723e7aa4ffe7",
  "name" : "测试用例标题1",
  "time" : {
    "start" : 1609083775040,
    "stop" : 1609083779394,
    "duration" : 4354
  },
  "status" : "passed",
  "severity" : "normal"
}, {
  "uid" : "a9590d78d69c981d",
  "name" : "test1",
  "time" : {
    "start" : 1609083820288,
    "stop" : 1609083821294,
    "duration" : 1006
  },
  "status" : "passed",
  "severity" : "normal"
}, {
  "uid" : "5154e61533ced5b3",
  "name" : "test_google_search_furniture[USA]",
  "time" : {
    "start" : 1609083715852,
    "stop" : 1609083716865,
    "duration" : 1013
  },
  "status" : "passed",
  "severity" : "normal"
}, {
  "uid" : "d0847e31d776f4b0",
  "name" : "test_user02[USA2--USA1]",
  "time" : {
    "start" : 1609083822651,
    "stop" : 1609083822651,
    "duration" : 0
  },
  "status" : "passed",
  "severity" : "normal"
} ]