{
  "total" : 3,
  "items" : [ {
    "uid" : "0deb62a7421191a8a69ea1015ab6c56d",
    "name" : "test_dir",
    "statistic" : {
      "failed" : 1,
      "broken" : 1,
      "skipped" : 1,
      "passed" : 34,
      "unknown" : 0,
      "total" : 37
    }
  }, {
    "uid" : "f86efe06ea7c9782e690ed533cf72e0b",
    "name" : "test_dir.user",
    "statistic" : {
      "failed" : 0,
      "broken" : 0,
      "skipped" : 0,
      "passed" : 18,
      "unknown" : 0,
      "total" : 18
    }
  }, {
    "uid" : "07d0dd8cba92ca3ddb40542779487c9e",
    "name" : "test_dir.product",
    "statistic" : {
      "failed" : 0,
      "broken" : 0,
      "skipped" : 0,
      "passed" : 12,
      "unknown" : 0,
      "total" : 12
    }
  } ]
}