{
  "uid" : "b1a8273437954620fa374b796ffaacdd",
  "name" : "behaviors",
  "children" : [ {
    "name" : "test_something",
    "uid" : "76b5df5a0ec92480",
    "parentUid" : "b1a8273437954620fa374b796ffaacdd",
    "status" : "failed",
    "time" : {
      "start" : 1609096237751,
      "stop" : 1609096237752,
      "duration" : 1
    },
    "flaky" : false,
    "newFailed" : false,
    "parameters" : [ ]
  }, {
    "name" : "test01",
    "uid" : "802069d8f8adeac4",
    "parentUid" : "b1a8273437954620fa374b796ffaacdd",
    "status" : "passed",
    "time" : {
      "start" : 1609096238022,
      "stop" : 1609096238022,
      "duration" : 0
    },
    "flaky" : false,
    "newFailed" : false,
    "parameters" : [ ]
  }, {
    "name" : "test_01111_00001",
    "uid" : "577b6da87cd8a20b",
    "parentUid" : "b1a8273437954620fa374b796ffaacdd",
    "status" : "passed",
    "time" : {
      "start" : 1609096238037,
      "stop" : 1609096238051,
      "duration" : 14
    },
    "flaky" : false,
    "newFailed" : false,
    "parameters" : [ ]
  }, {
    "name" : "test_01111_00002",
    "uid" : "58122202c3463f43",
    "parentUid" : "b1a8273437954620fa374b796ffaacdd",
    "status" : "passed",
    "time" : {
      "start" : 1609096238061,
      "stop" : 1609096238068,
      "duration" : 7
    },
    "flaky" : false,
    "newFailed" : false,
    "parameters" : [ ]
  }, {
    "name" : "test_01111_00003",
    "uid" : "6043e8c15eb778f",
    "parentUid" : "b1a8273437954620fa374b796ffaacdd",
    "status" : "passed",
    "time" : {
      "start" : 1609096238082,
      "stop" : 1609096238093,
      "duration" : 11
    },
    "flaky" : false,
    "newFailed" : false,
    "parameters" : [ ]
  }, {
    "name" : "test02",
    "uid" : "9972456931036a1",
    "parentUid" : "b1a8273437954620fa374b796ffaacdd",
    "status" : "passed",
    "time" : {
      "start" : 1609096238104,
      "stop" : 1609096238105,
      "duration" : 1
    },
    "flaky" : false,
    "newFailed" : false,
    "parameters" : [ ]
  }, {
    "name" : "test_03_00001_languages_str",
    "uid" : "24c12e82f4b23edd",
    "parentUid" : "b1a8273437954620fa374b796ffaacdd",
    "status" : "passed",
    "time" : {
      "start" : 1609096238121,
      "stop" : 1609096238128,
      "duration" : 7
    },
    "flaky" : false,
    "newFailed" : false,
    "parameters" : [ ]
  }, {
    "name" : "test_03_00002_languages_dict_tuple",
    "uid" : "b034bb49413ba2f",
    "parentUid" : "b1a8273437954620fa374b796ffaacdd",
    "status" : "passed",
    "time" : {
      "start" : 1609096238142,
      "stop" : 1609096238147,
      "duration" : 5
    },
    "flaky" : false,
    "newFailed" : false,
    "parameters" : [ ]
  }, {
    "name" : "test_03_00003_websites_dict_tuple",
    "uid" : "8b3fc4f752186e28",
    "parentUid" : "b1a8273437954620fa374b796ffaacdd",
    "status" : "passed",
    "time" : {
      "start" : 1609096238162,
      "stop" : 1609096238167,
      "duration" : 5
    },
    "flaky" : false,
    "newFailed" : false,
    "parameters" : [ ]
  }, {
    "name" : "test_03_00004_w",
    "uid" : "1b199d24561b57bd",
    "parentUid" : "b1a8273437954620fa374b796ffaacdd",
    "status" : "passed",
    "time" : {
      "start" : 1609096238184,
      "stop" : 1609096238191,
      "duration" : 7
    },
    "flaky" : false,
    "newFailed" : false,
    "parameters" : [ ]
  }, {
    "name" : "test_01_00001",
    "uid" : "abfbd1ee1d7ba741",
    "parentUid" : "b1a8273437954620fa374b796ffaacdd",
    "status" : "passed",
    "time" : {
      "start" : 1609096238208,
      "stop" : 1609096238218,
      "duration" : 10
    },
    "flaky" : false,
    "newFailed" : false,
    "parameters" : [ ]
  }, {
    "name" : "test_01_00002",
    "uid" : "a519d308b33aa5b7",
    "parentUid" : "b1a8273437954620fa374b796ffaacdd",
    "status" : "passed",
    "time" : {
      "start" : 1609096238232,
      "stop" : 1609096238239,
      "duration" : 7
    },
    "flaky" : false,
    "newFailed" : false,
    "parameters" : [ ]
  }, {
    "name" : "test_01_00003",
    "uid" : "63fbe39c4b7bc50b",
    "parentUid" : "b1a8273437954620fa374b796ffaacdd",
    "status" : "passed",
    "time" : {
      "start" : 1609096238252,
      "stop" : 1609096238259,
      "duration" : 7
    },
    "flaky" : false,
    "newFailed" : false,
    "parameters" : [ ]
  }, {
    "name" : "test_02_00001___Ruby____Perl____Python__",
    "uid" : "97a18188a8a2c4f5",
    "parentUid" : "b1a8273437954620fa374b796ffaacdd",
    "status" : "passed",
    "time" : {
      "start" : 1609096238277,
      "stop" : 1609096238284,
      "duration" : 7
    },
    "flaky" : false,
    "newFailed" : false,
    "parameters" : [ ]
  }, {
    "name" : "test_02_00002",
    "uid" : "b163802f972a5c2b",
    "parentUid" : "b1a8273437954620fa374b796ffaacdd",
    "status" : "passed",
    "time" : {
      "start" : 1609096238299,
      "stop" : 1609096238304,
      "duration" : 5
    },
    "flaky" : false,
    "newFailed" : false,
    "parameters" : [ ]
  }, {
    "name" : "test_02_00003",
    "uid" : "5fa4e5c7e56fe6af",
    "parentUid" : "b1a8273437954620fa374b796ffaacdd",
    "status" : "passed",
    "time" : {
      "start" : 1609096238320,
      "stop" : 1609096238330,
      "duration" : 10
    },
    "flaky" : false,
    "newFailed" : false,
    "parameters" : [ ]
  }, {
    "name" : "test_02_00004",
    "uid" : "878200cfa916494b",
    "parentUid" : "b1a8273437954620fa374b796ffaacdd",
    "status" : "passed",
    "time" : {
      "start" : 1609096238346,
      "stop" : 1609096238355,
      "duration" : 9
    },
    "flaky" : false,
    "newFailed" : false,
    "parameters" : [ ]
  }, {
    "name" : "test_02_00005",
    "uid" : "20e7bbe9e57c27cb",
    "parentUid" : "b1a8273437954620fa374b796ffaacdd",
    "status" : "passed",
    "time" : {
      "start" : 1609096238369,
      "stop" : 1609096238374,
      "duration" : 5
    },
    "flaky" : false,
    "newFailed" : false,
    "parameters" : [ ]
  }, {
    "name" : "test_02_00006_1",
    "uid" : "be7b641c9e78e61",
    "parentUid" : "b1a8273437954620fa374b796ffaacdd",
    "status" : "passed",
    "time" : {
      "start" : 1609096238389,
      "stop" : 1609096238395,
      "duration" : 6
    },
    "flaky" : false,
    "newFailed" : false,
    "parameters" : [ ]
  }, {
    "name" : "test_02_00007_2a",
    "uid" : "e655a5656bed88d2",
    "parentUid" : "b1a8273437954620fa374b796ffaacdd",
    "status" : "passed",
    "time" : {
      "start" : 1609096238409,
      "stop" : 1609096238419,
      "duration" : 10
    },
    "flaky" : false,
    "newFailed" : false,
    "parameters" : [ ]
  }, {
    "name" : "test_02_00008_3",
    "uid" : "85ae4ed7826cf6b5",
    "parentUid" : "b1a8273437954620fa374b796ffaacdd",
    "status" : "passed",
    "time" : {
      "start" : 1609096238432,
      "stop" : 1609096238438,
      "duration" : 6
    },
    "flaky" : false,
    "newFailed" : false,
    "parameters" : [ ]
  }, {
    "name" : "test_02_00009_4",
    "uid" : "c9c76063f26f4220",
    "parentUid" : "b1a8273437954620fa374b796ffaacdd",
    "status" : "passed",
    "time" : {
      "start" : 1609096238452,
      "stop" : 1609096238458,
      "duration" : 6
    },
    "flaky" : false,
    "newFailed" : false,
    "parameters" : [ ]
  }, {
    "name" : "test_02_00010",
    "uid" : "5b0da92c31018af",
    "parentUid" : "b1a8273437954620fa374b796ffaacdd",
    "status" : "passed",
    "time" : {
      "start" : 1609096238476,
      "stop" : 1609096238481,
      "duration" : 5
    },
    "flaky" : false,
    "newFailed" : false,
    "parameters" : [ ]
  }, {
    "name" : "test_02_00011",
    "uid" : "d4a9a84a9d36a764",
    "parentUid" : "b1a8273437954620fa374b796ffaacdd",
    "status" : "passed",
    "time" : {
      "start" : 1609096238500,
      "stop" : 1609096238505,
      "duration" : 5
    },
    "flaky" : false,
    "newFailed" : false,
    "parameters" : [ ]
  }, {
    "name" : "test_02_00012_carrots_5",
    "uid" : "e2a772f0f2df249",
    "parentUid" : "b1a8273437954620fa374b796ffaacdd",
    "status" : "passed",
    "time" : {
      "start" : 1609096238523,
      "stop" : 1609096238528,
      "duration" : 5
    },
    "flaky" : false,
    "newFailed" : false,
    "parameters" : [ ]
  }, {
    "name" : "test_02_00013",
    "uid" : "6cb05e21ea5c5b69",
    "parentUid" : "b1a8273437954620fa374b796ffaacdd",
    "status" : "passed",
    "time" : {
      "start" : 1609096238543,
      "stop" : 1609096238548,
      "duration" : 5
    },
    "flaky" : false,
    "newFailed" : false,
    "parameters" : [ ]
  }, {
    "name" : "test_02_00014",
    "uid" : "3c748c7ad15de51",
    "parentUid" : "b1a8273437954620fa374b796ffaacdd",
    "status" : "passed",
    "time" : {
      "start" : 1609096238563,
      "stop" : 1609096238567,
      "duration" : 4
    },
    "flaky" : false,
    "newFailed" : false,
    "parameters" : [ ]
  }, {
    "name" : "test_02_00015",
    "uid" : "722560f867b1fe51",
    "parentUid" : "b1a8273437954620fa374b796ffaacdd",
    "status" : "passed",
    "time" : {
      "start" : 1609096238583,
      "stop" : 1609096238592,
      "duration" : 9
    },
    "flaky" : false,
    "newFailed" : false,
    "parameters" : [ ]
  }, {
    "name" : "test_02_00016",
    "uid" : "5aed6ceccc1aee8a",
    "parentUid" : "b1a8273437954620fa374b796ffaacdd",
    "status" : "passed",
    "time" : {
      "start" : 1609096238605,
      "stop" : 1609096238611,
      "duration" : 6
    },
    "flaky" : false,
    "newFailed" : false,
    "parameters" : [ ]
  }, {
    "name" : "test_02_00017",
    "uid" : "46e423c75d7295cd",
    "parentUid" : "b1a8273437954620fa374b796ffaacdd",
    "status" : "passed",
    "time" : {
      "start" : 1609096238626,
      "stop" : 1609096238630,
      "duration" : 4
    },
    "flaky" : false,
    "newFailed" : false,
    "parameters" : [ ]
  }, {
    "name" : "test_02_00018",
    "uid" : "7a62a6277dd71354",
    "parentUid" : "b1a8273437954620fa374b796ffaacdd",
    "status" : "passed",
    "time" : {
      "start" : 1609096238645,
      "stop" : 1609096238654,
      "duration" : 9
    },
    "flaky" : false,
    "newFailed" : false,
    "parameters" : [ ]
  }, {
    "name" : "test_02_00019",
    "uid" : "76bcbd3e741f0d88",
    "parentUid" : "b1a8273437954620fa374b796ffaacdd",
    "status" : "passed",
    "time" : {
      "start" : 1609096238669,
      "stop" : 1609096238674,
      "duration" : 5
    },
    "flaky" : false,
    "newFailed" : false,
    "parameters" : [ ]
  }, {
    "name" : "test_02_00020",
    "uid" : "75c05827f572ed4f",
    "parentUid" : "b1a8273437954620fa374b796ffaacdd",
    "status" : "passed",
    "time" : {
      "start" : 1609096238691,
      "stop" : 1609096238695,
      "duration" : 4
    },
    "flaky" : false,
    "newFailed" : false,
    "parameters" : [ ]
  }, {
    "name" : "test_02_00021_Steve",
    "uid" : "c69376448ef591aa",
    "parentUid" : "b1a8273437954620fa374b796ffaacdd",
    "status" : "passed",
    "time" : {
      "start" : 1609096238710,
      "stop" : 1609096238719,
      "duration" : 9
    },
    "flaky" : false,
    "newFailed" : false,
    "parameters" : [ ]
  }, {
    "name" : "test_02_00022_Clark",
    "uid" : "5fc3a65062797262",
    "parentUid" : "b1a8273437954620fa374b796ffaacdd",
    "status" : "passed",
    "time" : {
      "start" : 1609096238734,
      "stop" : 1609096238741,
      "duration" : 7
    },
    "flaky" : false,
    "newFailed" : false,
    "parameters" : [ ]
  }, {
    "name" : "test_02_00023_Brian",
    "uid" : "377499c116b3904b",
    "parentUid" : "b1a8273437954620fa374b796ffaacdd",
    "status" : "passed",
    "time" : {
      "start" : 1609096238758,
      "stop" : 1609096238765,
      "duration" : 7
    },
    "flaky" : false,
    "newFailed" : false,
    "parameters" : [ ]
  }, {
    "name" : "test_02_00024_Oren",
    "uid" : "5052a01f521fc663",
    "parentUid" : "b1a8273437954620fa374b796ffaacdd",
    "status" : "passed",
    "time" : {
      "start" : 1609096238779,
      "stop" : 1609096238784,
      "duration" : 5
    },
    "flaky" : false,
    "newFailed" : false,
    "parameters" : [ ]
  }, {
    "name" : "test_02_00025_Steve",
    "uid" : "74d98e4084107fc8",
    "parentUid" : "b1a8273437954620fa374b796ffaacdd",
    "status" : "passed",
    "time" : {
      "start" : 1609096238801,
      "stop" : 1609096238811,
      "duration" : 10
    },
    "flaky" : false,
    "newFailed" : false,
    "parameters" : [ ]
  }, {
    "name" : "test_03_00001_languages_str",
    "uid" : "d21b4a3ab9677c3d",
    "parentUid" : "b1a8273437954620fa374b796ffaacdd",
    "status" : "passed",
    "time" : {
      "start" : 1609096238828,
      "stop" : 1609096238834,
      "duration" : 6
    },
    "flaky" : false,
    "newFailed" : false,
    "parameters" : [ ]
  }, {
    "name" : "test_03_00002_languages_dict_tuple",
    "uid" : "66f77425aa9dcad4",
    "parentUid" : "b1a8273437954620fa374b796ffaacdd",
    "status" : "passed",
    "time" : {
      "start" : 1609096238849,
      "stop" : 1609096238858,
      "duration" : 9
    },
    "flaky" : false,
    "newFailed" : false,
    "parameters" : [ ]
  }, {
    "name" : "test_03_00003_websites_dict_tuple",
    "uid" : "e13c24b69a71a80c",
    "parentUid" : "b1a8273437954620fa374b796ffaacdd",
    "status" : "passed",
    "time" : {
      "start" : 1609096238874,
      "stop" : 1609096238879,
      "duration" : 5
    },
    "flaky" : false,
    "newFailed" : false,
    "parameters" : [ ]
  }, {
    "name" : "test_03_00004_w",
    "uid" : "ca4007151f508aeb",
    "parentUid" : "b1a8273437954620fa374b796ffaacdd",
    "status" : "passed",
    "time" : {
      "start" : 1609096238896,
      "stop" : 1609096238906,
      "duration" : 10
    },
    "flaky" : false,
    "newFailed" : false,
    "parameters" : [ ]
  }, {
    "name" : "test_05_00001",
    "uid" : "cb4ea50664acbbe0",
    "parentUid" : "b1a8273437954620fa374b796ffaacdd",
    "status" : "passed",
    "time" : {
      "start" : 1609096238921,
      "stop" : 1609096238927,
      "duration" : 6
    },
    "flaky" : false,
    "newFailed" : false,
    "parameters" : [ ]
  }, {
    "name" : "test_05_00002",
    "uid" : "127aa48695498486",
    "parentUid" : "b1a8273437954620fa374b796ffaacdd",
    "status" : "passed",
    "time" : {
      "start" : 1609096238943,
      "stop" : 1609096238947,
      "duration" : 4
    },
    "flaky" : false,
    "newFailed" : false,
    "parameters" : [ ]
  }, {
    "name" : "test_05_00003",
    "uid" : "84e990e387ff0040",
    "parentUid" : "b1a8273437954620fa374b796ffaacdd",
    "status" : "passed",
    "time" : {
      "start" : 1609096238963,
      "stop" : 1609096238976,
      "duration" : 13
    },
    "flaky" : false,
    "newFailed" : false,
    "parameters" : [ ]
  }, {
    "name" : "test01",
    "uid" : "57c76b5482682d3a",
    "parentUid" : "b1a8273437954620fa374b796ffaacdd",
    "status" : "passed",
    "time" : {
      "start" : 1609096238994,
      "stop" : 1609096238995,
      "duration" : 1
    },
    "flaky" : false,
    "newFailed" : false,
    "parameters" : [ ]
  }, {
    "name" : "test_01111_00001",
    "uid" : "d0801f35210e8c9f",
    "parentUid" : "b1a8273437954620fa374b796ffaacdd",
    "status" : "passed",
    "time" : {
      "start" : 1609096239009,
      "stop" : 1609096239011,
      "duration" : 2
    },
    "flaky" : false,
    "newFailed" : false,
    "parameters" : [ ]
  }, {
    "name" : "test_01111_00002",
    "uid" : "111351d967be6cea",
    "parentUid" : "b1a8273437954620fa374b796ffaacdd",
    "status" : "passed",
    "time" : {
      "start" : 1609096239027,
      "stop" : 1609096239030,
      "duration" : 3
    },
    "flaky" : false,
    "newFailed" : false,
    "parameters" : [ ]
  }, {
    "name" : "test_01111_00003",
    "uid" : "ee57914c887eaa23",
    "parentUid" : "b1a8273437954620fa374b796ffaacdd",
    "status" : "passed",
    "time" : {
      "start" : 1609096239043,
      "stop" : 1609096239048,
      "duration" : 5
    },
    "flaky" : false,
    "newFailed" : false,
    "parameters" : [ ]
  } ]
}