{
  "uid" : "4b4757e66a1912dae1a509f688f20b0f",
  "name" : "categories",
  "children" : [ {
    "name" : "Product defects",
    "children" : [ {
      "name" : "AssertionError: True != False",
      "children" : [ {
        "name" : "test_something",
        "uid" : "76b5df5a0ec92480",
        "parentUid" : "df596d3a0722638d887477cc3988654f",
        "status" : "failed",
        "time" : {
          "start" : 1609096237751,
          "stop" : 1609096237752,
          "duration" : 1
        },
        "flaky" : false,
        "newFailed" : false,
        "parameters" : [ ]
      } ],
      "uid" : "df596d3a0722638d887477cc3988654f"
    } ],
    "uid" : "8fb3a91ba5aaf9de24cc8a92edc82b5d"
  } ]
}