"Status","Start Time","Stop Time","Duration in ms","Parent Suite","Suite","Sub Suite","Test Class","Test Method","Name","Description"
"passed","Sun Dec 27 14:10:38 EST 2020","Sun Dec 27 14:10:38 EST 2020","9","test_demo","test_pytest2","TestCaseDemo1","","","test_02_00021_Steve","test_02_00021_Steve"
"passed","Sun Dec 27 14:10:38 EST 2020","Sun Dec 27 14:10:38 EST 2020","6","test_demo","test_pytest2","TestCaseDemo1","","","test_02_00016","test_02_00016"
"passed","Sun Dec 27 14:10:38 EST 2020","Sun Dec 27 14:10:38 EST 2020","10","test_demo","test_pytest1","TestCaseDemo1","","","test_01_00001","test_01_00001"
"passed","Sun Dec 27 14:10:38 EST 2020","Sun Dec 27 14:10:38 EST 2020","9","test_demo","test_pytest2","TestCaseDemo1","","","test_02_00018","test_02_00018"
"passed","Sun Dec 27 14:10:38 EST 2020","Sun Dec 27 14:10:38 EST 2020","6","test_demo","test_pytest2","TestCaseDemo1","","","test_02_00009_4","test_02_00009_4"
"passed","Sun Dec 27 14:10:38 EST 2020","Sun Dec 27 14:10:38 EST 2020","5","test_demo","test_pytest2","TestCaseDemo1","","","test_02_00010","test_02_00010"
"passed","Sun Dec 27 14:10:38 EST 2020","Sun Dec 27 14:10:38 EST 2020","7","test_demo","test_pytest2","TestCaseDemo1","","","test_02_00023_Brian","test_02_00023_Brian"
"passed","Sun Dec 27 14:10:38 EST 2020","Sun Dec 27 14:10:38 EST 2020","6","test_demo","test_pytest2","TestCaseDemo1","","","test_02_00008_3","test_02_00008_3"
"passed","Sun Dec 27 14:10:38 EST 2020","Sun Dec 27 14:10:38 EST 2020","10","test_demo","test_pytest2","TestCaseDemo1","","","test_02_00025_Steve","test_02_00025_Steve"
"passed","Sun Dec 27 14:10:38 EST 2020","Sun Dec 27 14:10:38 EST 2020","6","test_demo","test_pytest3","TestCaseDemo1","","","test_03_00001_languages_str","test_03_00001_languages_str"
"passed","Sun Dec 27 14:10:38 EST 2020","Sun Dec 27 14:10:38 EST 2020","5","test_demo","test_pytest2","TestCaseDemo1","","","test_02_00005","test_02_00005"
"passed","Sun Dec 27 14:10:38 EST 2020","Sun Dec 27 14:10:38 EST 2020","10","test_demo","test_pytest3","TestCaseDemo1","","","test_03_00004_w","test_03_00004_w"
"passed","Sun Dec 27 14:10:38 EST 2020","Sun Dec 27 14:10:38 EST 2020","4","test_demo","test_pytest2","TestCaseDemo1","","","test_02_00014","test_02_00014"
"passed","Sun Dec 27 14:10:38 EST 2020","Sun Dec 27 14:10:38 EST 2020","13","test_demo","test_pytest5","TestCaseDemo1","","","test_05_00003","test_05_00003"
"passed","Sun Dec 27 14:10:38 EST 2020","Sun Dec 27 14:10:38 EST 2020","11","testUI","test1","TestCaseDemo","","","test_01111_00003","test_01111_00003"
"passed","Sun Dec 27 14:10:38 EST 2020","Sun Dec 27 14:10:38 EST 2020","4","test_demo","test_pytest2","TestCaseDemo1","","","test_02_00020","test_02_00020"
"passed","Sun Dec 27 14:10:38 EST 2020","Sun Dec 27 14:10:38 EST 2020","5","test_demo","test_pytest2","TestCaseDemo1","","","test_02_00011","test_02_00011"
"passed","Sun Dec 27 14:10:38 EST 2020","Sun Dec 27 14:10:38 EST 2020","1","test_demo","test_pytest","","","","test02",""
"passed","Sun Dec 27 14:10:38 EST 2020","Sun Dec 27 14:10:38 EST 2020","9","test_demo","test_pytest2","TestCaseDemo1","","","test_02_00004","test_02_00004"
"passed","Sun Dec 27 14:10:38 EST 2020","Sun Dec 27 14:10:38 EST 2020","7","test_demo","test_pytest1","TestCaseDemo1","","","test_01_00003","test_01_00003"
"passed","Sun Dec 27 14:10:38 EST 2020","Sun Dec 27 14:10:38 EST 2020","10","test_demo","test_pytest2","TestCaseDemo1","","","test_02_00003","test_02_00003"
"passed","Sun Dec 27 14:10:38 EST 2020","Sun Dec 27 14:10:38 EST 2020","5","test_demo","test_pytest2","TestCaseDemo1","","","test_02_00012_carrots_5","test_02_00012_carrots_5"
"passed","Sun Dec 27 14:10:38 EST 2020","Sun Dec 27 14:10:38 EST 2020","6","test_demo","test_pytest2","TestCaseDemo1","","","test_02_00006_1","test_02_00006_1"
"passed","Sun Dec 27 14:10:39 EST 2020","Sun Dec 27 14:10:39 EST 2020","5","test_demo","test_unittest","TestCaseDemo","","","test_01111_00003","test_01111_00003"
"passed","Sun Dec 27 14:10:38 EST 2020","Sun Dec 27 14:10:38 EST 2020","7","test_demo","test_pytest2","TestCaseDemo1","","","test_02_00022_Clark","test_02_00022_Clark"
"passed","Sun Dec 27 14:10:38 EST 2020","Sun Dec 27 14:10:38 EST 2020","5","test_demo","test_pytest2","TestCaseDemo1","","","test_02_00002","test_02_00002"
"passed","Sun Dec 27 14:10:38 EST 2020","Sun Dec 27 14:10:38 EST 2020","9","test_demo","test_pytest3","TestCaseDemo1","","","test_03_00002_languages_dict_tuple","test_03_00002_languages_dict_tuple"
"passed","Sun Dec 27 14:10:39 EST 2020","Sun Dec 27 14:10:39 EST 2020","3","test_demo","test_unittest","TestCaseDemo","","","test_01111_00002","test_01111_00002"
"passed","Sun Dec 27 14:10:38 EST 2020","Sun Dec 27 14:10:38 EST 2020","9","test_demo","test_pytest2","TestCaseDemo1","","","test_02_00015","test_02_00015"
"passed","Sun Dec 27 14:10:38 EST 2020","Sun Dec 27 14:10:38 EST 2020","4","test_demo","test_pytest2","TestCaseDemo1","","","test_02_00017","test_02_00017"
"passed","Sun Dec 27 14:10:38 EST 2020","Sun Dec 27 14:10:38 EST 2020","6","test_demo","test_pytest5","TestCaseDemo1","","","test_05_00001","test_05_00001"
"passed","Sun Dec 27 14:10:38 EST 2020","Sun Dec 27 14:10:38 EST 2020","10","test_demo","test_pytest2","TestCaseDemo1","","","test_02_00007_2a","test_02_00007_2a"
"passed","Sun Dec 27 14:10:38 EST 2020","Sun Dec 27 14:10:38 EST 2020","14","testUI","test1","TestCaseDemo","","","test_01111_00001","test_01111_00001"
"passed","Sun Dec 27 14:10:38 EST 2020","Sun Dec 27 14:10:38 EST 2020","4","test_demo","test_pytest5","TestCaseDemo1","","","test_05_00002","test_05_00002"
"passed","Sun Dec 27 14:10:38 EST 2020","Sun Dec 27 14:10:38 EST 2020","7","test_demo","test_pytest1","TestCaseDemo1","","","test_01_00002","test_01_00002"
"failed","Sun Dec 27 14:10:37 EST 2020","Sun Dec 27 14:10:37 EST 2020","1","","test_UI","MyTestCase","","","test_something",""
"passed","Sun Dec 27 14:10:38 EST 2020","Sun Dec 27 14:10:38 EST 2020","5","test_demo","test_pytest2","TestCaseDemo1","","","test_02_00024_Oren","test_02_00024_Oren"
"passed","Sun Dec 27 14:10:38 EST 2020","Sun Dec 27 14:10:38 EST 2020","5","test_demo","test_pytest","TestCaseDemo1","","","test_03_00002_languages_dict_tuple","test_03_00002_languages_dict_tuple"
"passed","Sun Dec 27 14:10:38 EST 2020","Sun Dec 27 14:10:38 EST 2020","7","test_demo","test_pytest2","TestCaseDemo1","","","test_02_00001___Ruby____Perl____Python__","test_02_00001___Ruby____Perl____Python__"
"passed","Sun Dec 27 14:10:38 EST 2020","Sun Dec 27 14:10:38 EST 2020","5","test_demo","test_pytest","TestCaseDemo1","","","test_03_00003_websites_dict_tuple","test_03_00003_websites_dict_tuple"
"passed","Sun Dec 27 14:10:38 EST 2020","Sun Dec 27 14:10:38 EST 2020","5","test_demo","test_pytest2","TestCaseDemo1","","","test_02_00013","test_02_00013"
"passed","Sun Dec 27 14:10:38 EST 2020","Sun Dec 27 14:10:38 EST 2020","7","test_demo","test_pytest","TestCaseDemo1","","","test_03_00001_languages_str","test_03_00001_languages_str"
"passed","Sun Dec 27 14:10:39 EST 2020","Sun Dec 27 14:10:39 EST 2020","2","test_demo","test_unittest","TestCaseDemo","","","test_01111_00001","test_01111_00001"
"passed","Sun Dec 27 14:10:38 EST 2020","Sun Dec 27 14:10:38 EST 2020","7","test_demo","test_pytest","TestCaseDemo1","","","test_03_00004_w","test_03_00004_w"
"passed","Sun Dec 27 14:10:38 EST 2020","Sun Dec 27 14:10:38 EST 2020","7","testUI","test1","TestCaseDemo","","","test_01111_00002","test_01111_00002"
"passed","Sun Dec 27 14:10:38 EST 2020","Sun Dec 27 14:10:38 EST 2020","5","test_demo","test_pytest3","TestCaseDemo1","","","test_03_00003_websites_dict_tuple","test_03_00003_websites_dict_tuple"
"passed","Sun Dec 27 14:10:38 EST 2020","Sun Dec 27 14:10:38 EST 2020","5","test_demo","test_pytest2","TestCaseDemo1","","","test_02_00019","test_02_00019"
"passed","Sun Dec 27 14:10:38 EST 2020","Sun Dec 27 14:10:38 EST 2020","1","test_demo","test_unittest","","","","test01",""
"passed","Sun Dec 27 14:10:38 EST 2020","Sun Dec 27 14:10:38 EST 2020","0","testUI","test1","","","","test01",""
