{
  "uid" : "4b4757e66a1912dae1a509f688f20b0f",
  "name" : "categories",
  "children" : [ {
    "name" : "Test defects",
    "children" : [ {
      "name" : "ValueError",
      "children" : [ {
        "name" : "test_error",
        "uid" : "ff605cf536c3b53",
        "parentUid" : "a189b1e4b6520f5839776ba289ce85f3",
        "status" : "broken",
        "time" : {
          "start" : 1609083727321,
          "stop" : 1609083727322,
          "duration" : 1
        },
        "flaky" : false,
        "newFailed" : false,
        "parameters" : [ ]
      } ],
      "uid" : "a189b1e4b6520f5839776ba289ce85f3"
    } ],
    "uid" : "bdbf199525818fae7a8651db9eafe741"
  }, {
    "name" : "Product defects",
    "children" : [ {
      "name" : "AssertionError: 1 != 2",
      "children" : [ {
        "name" : "test_fail",
        "uid" : "237ec69a3e9113db",
        "parentUid" : "5f2fc73d3767ebd896895cad75d1118e",
        "status" : "failed",
        "time" : {
          "start" : 1609083727409,
          "stop" : 1609083727410,
          "duration" : 1
        },
        "flaky" : false,
        "newFailed" : false,
        "parameters" : [ ]
      } ],
      "uid" : "5f2fc73d3767ebd896895cad75d1118e"
    } ],
    "uid" : "8fb3a91ba5aaf9de24cc8a92edc82b5d"
  } ]
}