"Status","Start Time","Stop Time","Duration in ms","Parent Suite","Suite","Sub Suite","Test Class","Test Method","Name","Description"
"passed","Sun Dec 27 10:41:59 EST 2020","Sun Dec 27 10:42:00 EST 2020","1002","test_dir","test3","","","","测试用例标题2","这是测试用例用例2的描述信息"
"passed","Sun Dec 27 10:43:41 EST 2020","Sun Dec 27 10:43:42 EST 2020","1003","test_dir","test_login","TestCase","","","test_something",""
"passed","Sun Dec 27 10:42:45 EST 2020","Sun Dec 27 10:42:50 EST 2020","4816","test_dir","test3","","","","测试用例标题1","这是测试用例用例1的描述信息"
"passed","Sun Dec 27 10:42:07 EST 2020","Sun Dec 27 10:42:07 EST 2020","0","test_dir","test1","AlienTest","","","test_2_run",""
"passed","Sun Dec 27 10:41:56 EST 2020","Sun Dec 27 10:41:57 EST 2020","1003","test_dir","test3","","","","测试用例标题2","这是测试用例用例2的描述信息"
"passed","Sun Dec 27 10:43:42 EST 2020","Sun Dec 27 10:43:42 EST 2020","0","test_dir.user","test_user","","","","test_user02[Canada2--China1]",""
"passed","Sun Dec 27 10:43:42 EST 2020","Sun Dec 27 10:43:42 EST 2020","1","test_dir.user","test_user","","","","test_fixture01[-China1--USA1]",""
"passed","Sun Dec 27 10:41:53 EST 2020","Sun Dec 27 10:41:54 EST 2020","1010","test_dir","test3","","","","test_google_search_furniture[China]",""
"passed","Sun Dec 27 10:43:33 EST 2020","Sun Dec 27 10:43:37 EST 2020","4893","test_dir","test3","","","","测试用例标题1","这是测试用例用例1的描述信息"
"passed","Sun Dec 27 10:43:42 EST 2020","Sun Dec 27 10:43:42 EST 2020","1","test_dir.user","test_user","","","","test_user02[USA2--China1]",""
"passed","Sun Dec 27 10:42:59 EST 2020","Sun Dec 27 10:43:04 EST 2020","5035","test_dir","test3","","","","测试用例标题1","这是测试用例用例1的描述信息"
"passed","Sun Dec 27 10:43:42 EST 2020","Sun Dec 27 10:43:42 EST 2020","0","test_dir.user","test_user","","","","test_fixture01[-Canada1--USA1]",""
"passed","Sun Dec 27 10:42:07 EST 2020","Sun Dec 27 10:42:07 EST 2020","0","test_dir","test1","TestStringMethods","","","test_upper",""
"passed","Sun Dec 27 10:43:37 EST 2020","Sun Dec 27 10:43:37 EST 2020","0","test_dir","test3","","","","test_fixture[China]",""
"passed","Sun Dec 27 10:43:42 EST 2020","Sun Dec 27 10:43:42 EST 2020","1","test_dir.product","test_product","","","","test_fixture02[USA2--USA1]",""
"passed","Sun Dec 27 10:43:42 EST 2020","Sun Dec 27 10:43:42 EST 2020","0","test_dir.product","test_product","","","","test_fixture01[-China1]",""
"passed","Sun Dec 27 10:42:00 EST 2020","Sun Dec 27 10:42:01 EST 2020","1012","test_dir","test3","","","","测试用例标题2","这是测试用例用例2的描述信息"
"failed","Sun Dec 27 10:42:07 EST 2020","Sun Dec 27 10:42:07 EST 2020","1","test_dir","test1","TestStringMethods","","","test_fail"," This test should fail. "
"passed","Sun Dec 27 10:42:07 EST 2020","Sun Dec 27 10:42:07 EST 2020","1","test_dir","test1","AlienTest","","","test_1_run",""
"passed","Sun Dec 27 10:43:42 EST 2020","Sun Dec 27 10:43:42 EST 2020","0","test_dir.user","test_user","","","","test_fixture01[-Canada1--China1]",""
"passed","Sun Dec 27 10:43:42 EST 2020","Sun Dec 27 10:43:42 EST 2020","0","test_dir.user","test_user","","","","test_user02[China2--Canada1]",""
"passed","Sun Dec 27 10:43:42 EST 2020","Sun Dec 27 10:43:42 EST 2020","1","test_dir.product","test_product","","","","test_fixture02[USA2--China1]",""
"passed","Sun Dec 27 10:42:05 EST 2020","Sun Dec 27 10:42:06 EST 2020","1012","test_dir","test_login","","","","测试用例标题2","这是测试用例用例2的描述信息"
"passed","Sun Dec 27 10:43:42 EST 2020","Sun Dec 27 10:43:42 EST 2020","0","test_dir.product","test_product","","","","test_fixture02[Canada2--Canada1]",""
"passed","Sun Dec 27 10:43:18 EST 2020","Sun Dec 27 10:43:23 EST 2020","5335","test_dir","test3","","","","测试用例标题1","这是测试用例用例1的描述信息"
"passed","Sun Dec 27 10:43:42 EST 2020","Sun Dec 27 10:43:42 EST 2020","1","test_dir.user","test_user","","","","test_fixture01[-Canada1--Canada1]",""
"passed","Sun Dec 27 10:42:07 EST 2020","Sun Dec 27 10:42:07 EST 2020","0","test_dir","test1","AlienTest","","","test_3_run",""
"passed","Sun Dec 27 10:43:42 EST 2020","Sun Dec 27 10:43:42 EST 2020","1","test_dir.user","test_user","","","","test_user02[USA2--Canada1]",""
"passed","Sun Dec 27 10:43:42 EST 2020","Sun Dec 27 10:43:42 EST 2020","1","test_dir.user","test_user","","","","test_user02[Canada2--Canada1]",""
"passed","Sun Dec 27 10:42:18 EST 2020","Sun Dec 27 10:42:33 EST 2020","15248","test_dir","test2","","","","test_move_to_menu",""
"passed","Sun Dec 27 10:43:42 EST 2020","Sun Dec 27 10:43:42 EST 2020","0","test_dir.product","test_product","","","","test_fixture02[Canada2--China1]",""
"passed","Sun Dec 27 10:41:58 EST 2020","Sun Dec 27 10:41:59 EST 2020","1003","test_dir","test3","","","","测试用例标题2","这是测试用例用例2的描述信息"
"passed","Sun Dec 27 10:43:42 EST 2020","Sun Dec 27 10:43:42 EST 2020","0","test_dir.user","test_user","","","","test_fixture01[-USA1--China1]",""
"passed","Sun Dec 27 10:43:42 EST 2020","Sun Dec 27 10:43:42 EST 2020","1","test_dir.product","test_product","","","","test_fixture02[China2--China1]",""
"passed","Sun Dec 27 10:43:42 EST 2020","Sun Dec 27 10:43:42 EST 2020","1","test_dir.product","test_product","","","","test_fixture01[-Canada1]",""
"passed","Sun Dec 27 10:42:01 EST 2020","Sun Dec 27 10:42:02 EST 2020","1009","test_dir","test3","","","","测试用例标题2","这是测试用例用例2的描述信息"
"passed","Sun Dec 27 10:43:37 EST 2020","Sun Dec 27 10:43:37 EST 2020","1","test_dir","test3","","","","test_fixture[USA]",""
"passed","Sun Dec 27 10:43:42 EST 2020","Sun Dec 27 10:43:42 EST 2020","0","test_dir.user","test_user","","","","test_user02[China2--USA1]",""
"passed","Sun Dec 27 10:42:50 EST 2020","Sun Dec 27 10:42:55 EST 2020","4731","test_dir","test3","","","","测试用例标题1","这是测试用例用例1的描述信息"
"passed","Sun Dec 27 10:43:42 EST 2020","Sun Dec 27 10:43:42 EST 2020","0","test_dir.user","test_user","","","","test_fixture01[-USA1--USA1]",""
"passed","Sun Dec 27 10:43:42 EST 2020","Sun Dec 27 10:43:42 EST 2020","0","test_dir.product","test_product","","","","test_fixture02[USA2--Canada1]",""
"passed","Sun Dec 27 10:42:07 EST 2020","Sun Dec 27 10:42:18 EST 2020","10704","test_dir","test2","","","","test_google_search",""
"passed","Sun Dec 27 10:43:42 EST 2020","Sun Dec 27 10:43:42 EST 2020","1","test_dir.user","test_user","","","","test_user02[Canada2--USA1]",""
"passed","Sun Dec 27 10:43:42 EST 2020","Sun Dec 27 10:43:42 EST 2020","0","test_dir.product","test_product","","","","test_fixture02[China2--USA1]",""
"passed","Sun Dec 27 10:43:09 EST 2020","Sun Dec 27 10:43:13 EST 2020","4582","test_dir","test3","","","","测试用例标题1","这是测试用例用例1的描述信息"
"passed","Sun Dec 27 10:41:57 EST 2020","Sun Dec 27 10:41:58 EST 2020","1007","test_dir","test3","","","","测试用例标题2","这是测试用例用例2的描述信息"
"broken","Sun Dec 27 10:42:07 EST 2020","Sun Dec 27 10:42:07 EST 2020","1","test_dir","test1","TestStringMethods","","","test_error"," This test should be marked as error one. "
"skipped","Sun Dec 27 10:42:07 EST 2020","Sun Dec 27 10:42:07 EST 2020","0","test_dir","test1","TestStringMethods","","","test_skip"," This test should be skipped. "
"passed","Sun Dec 27 10:43:42 EST 2020","Sun Dec 27 10:43:42 EST 2020","0","test_dir.product","test_product","","","","test_fixture01[-USA1]",""
"passed","Sun Dec 27 10:43:42 EST 2020","Sun Dec 27 10:43:42 EST 2020","0","test_dir.product","test_product","","","","test_fixture02[Canada2--USA1]",""
"passed","Sun Dec 27 10:42:06 EST 2020","Sun Dec 27 10:42:07 EST 2020","1008","test_dir","test_login","","","","测试用例标题2","这是测试用例用例2的描述信息"
"passed","Sun Dec 27 10:42:36 EST 2020","Sun Dec 27 10:42:45 EST 2020","8740","test_dir","test3","","","","测试用例标题1","这是测试用例用例1的描述信息"
"passed","Sun Dec 27 10:43:42 EST 2020","Sun Dec 27 10:43:42 EST 2020","1","test_dir.user","test_user","","","","test_fixture01[-China1--Canada1]",""
"passed","Sun Dec 27 10:43:42 EST 2020","Sun Dec 27 10:43:42 EST 2020","0","test_dir.user","test_user","","","","test_user02[China2--China1]",""
"passed","Sun Dec 27 10:43:42 EST 2020","Sun Dec 27 10:43:42 EST 2020","0","test_dir.product","test_product","","","","test_fixture02[China2--Canada1]",""
"passed","Sun Dec 27 10:43:13 EST 2020","Sun Dec 27 10:43:18 EST 2020","4377","test_dir","test3","","","","测试用例标题1","这是测试用例用例1的描述信息"
"passed","Sun Dec 27 10:41:54 EST 2020","Sun Dec 27 10:41:55 EST 2020","1003","test_dir","test3","","","","test_google_search_furniture[Canada]",""
"passed","Sun Dec 27 10:43:23 EST 2020","Sun Dec 27 10:43:28 EST 2020","4698","test_dir","test3","","","","测试用例标题1","这是测试用例用例1的描述信息"
"passed","Sun Dec 27 10:43:04 EST 2020","Sun Dec 27 10:43:09 EST 2020","4716","test_dir","test3","","","","测试用例标题1","这是测试用例用例1的描述信息"
"passed","Sun Dec 27 10:43:42 EST 2020","Sun Dec 27 10:43:42 EST 2020","1","test_dir.user","test_user","","","","test_fixture01[-USA1--Canada1]",""
"passed","Sun Dec 27 10:43:37 EST 2020","Sun Dec 27 10:43:37 EST 2020","1","test_dir","test3","","","","test_fixture[Canada]",""
"passed","Sun Dec 27 10:43:28 EST 2020","Sun Dec 27 10:43:33 EST 2020","4822","test_dir","test3","","","","测试用例标题1","这是测试用例用例1的描述信息"
"passed","Sun Dec 27 10:43:42 EST 2020","Sun Dec 27 10:43:42 EST 2020","1","test_dir.user","test_user","","","","test_fixture01[-China1--China1]",""
"passed","Sun Dec 27 10:42:55 EST 2020","Sun Dec 27 10:42:59 EST 2020","4354","test_dir","test3","","","","测试用例标题1","这是测试用例用例1的描述信息"
"passed","Sun Dec 27 10:43:40 EST 2020","Sun Dec 27 10:43:41 EST 2020","1006","test_dir","test_login","","","","test1",""
"passed","Sun Dec 27 10:41:55 EST 2020","Sun Dec 27 10:41:56 EST 2020","1013","test_dir","test3","","","","test_google_search_furniture[USA]",""
"passed","Sun Dec 27 10:43:42 EST 2020","Sun Dec 27 10:43:42 EST 2020","0","test_dir.user","test_user","","","","test_user02[USA2--USA1]",""
