{
  "uid" : "ab17fc5a4eb3bca4b216b548c7f9fcbc",
  "name" : "timeline",
  "children" : [ {
    "name" : "DESKTOP-I8CVHFI",
    "children" : [ {
      "name" : "10228-MainThread",
      "children" : [ {
        "name" : "test_fail",
        "uid" : "237ec69a3e9113db",
        "parentUid" : "689b347f124beab8bd9208b1fadae977",
        "status" : "failed",
        "time" : {
          "start" : 1609083727409,
          "stop" : 1609083727410,
          "duration" : 1
        },
        "flaky" : false,
        "newFailed" : false,
        "parameters" : [ ]
      }, {
        "name" : "test_move_to_menu",
        "uid" : "835d53b8fec73fdd",
        "parentUid" : "689b347f124beab8bd9208b1fadae977",
        "status" : "passed",
        "time" : {
          "start" : 1609083738147,
          "stop" : 1609083753395,
          "duration" : 15248
        },
        "flaky" : false,
        "newFailed" : false,
        "parameters" : [ ]
      }, {
        "name" : "test_google_search",
        "uid" : "1d84535556351575",
        "parentUid" : "689b347f124beab8bd9208b1fadae977",
        "status" : "passed",
        "time" : {
          "start" : 1609083727432,
          "stop" : 1609083738136,
          "duration" : 10704
        },
        "flaky" : false,
        "newFailed" : false,
        "parameters" : [ ]
      }, {
        "name" : "test_fixture02[China2--Canada1]",
        "uid" : "2a95afb5881889bc",
        "parentUid" : "689b347f124beab8bd9208b1fadae977",
        "status" : "passed",
        "time" : {
          "start" : 1609083822352,
          "stop" : 1609083822352,
          "duration" : 0
        },
        "flaky" : false,
        "newFailed" : false,
        "parameters" : [ "' - 中国队'", "'加拿大'" ]
      }, {
        "name" : "test_user02[China2--USA1]",
        "uid" : "da4c3fdf4705904",
        "parentUid" : "689b347f124beab8bd9208b1fadae977",
        "status" : "passed",
        "time" : {
          "start" : 1609083822573,
          "stop" : 1609083822573,
          "duration" : 0
        },
        "flaky" : false,
        "newFailed" : false,
        "parameters" : [ "' - 中国队'", "'美国'" ]
      }, {
        "name" : "test_fixture02[USA2--Canada1]",
        "uid" : "72faeff41dbdcf9",
        "parentUid" : "689b347f124beab8bd9208b1fadae977",
        "status" : "passed",
        "time" : {
          "start" : 1609083822418,
          "stop" : 1609083822418,
          "duration" : 0
        },
        "flaky" : false,
        "newFailed" : false,
        "parameters" : [ "' - 美国队'", "'加拿大'" ]
      }, {
        "name" : "测试用例标题2",
        "uid" : "b0cf1c006ad7cd25",
        "parentUid" : "689b347f124beab8bd9208b1fadae977",
        "status" : "passed",
        "time" : {
          "start" : 1609083726253,
          "stop" : 1609083727261,
          "duration" : 1008
        },
        "flaky" : false,
        "newFailed" : false,
        "parameters" : [ "5", "'cherry'" ]
      }, {
        "name" : "测试用例标题1",
        "uid" : "ea2870dbfbd7fb5e",
        "parentUid" : "689b347f124beab8bd9208b1fadae977",
        "status" : "passed",
        "time" : {
          "start" : 1609083789182,
          "stop" : 1609083793764,
          "duration" : 4582
        },
        "flaky" : false,
        "newFailed" : false,
        "parameters" : [ "'加拿大'", "'pearl'" ]
      }, {
        "name" : "test_fixture02[Canada2--China1]",
        "uid" : "fe0de6218d24110",
        "parentUid" : "689b347f124beab8bd9208b1fadae977",
        "status" : "passed",
        "time" : {
          "start" : 1609083822371,
          "stop" : 1609083822371,
          "duration" : 0
        },
        "flaky" : false,
        "newFailed" : false,
        "parameters" : [ "' - 加拿大队'", "'中国'" ]
      }, {
        "name" : "test_skip",
        "uid" : "69e18ad73625f73e",
        "parentUid" : "689b347f124beab8bd9208b1fadae977",
        "status" : "skipped",
        "time" : {
          "start" : 1609083727417,
          "stop" : 1609083727417,
          "duration" : 0
        },
        "flaky" : false,
        "newFailed" : false,
        "parameters" : [ ]
      }, {
        "name" : "test_user02[Canada2--Canada1]",
        "uid" : "46cbb710fd0e22dd",
        "parentUid" : "689b347f124beab8bd9208b1fadae977",
        "status" : "passed",
        "time" : {
          "start" : 1609083822597,
          "stop" : 1609083822598,
          "duration" : 1
        },
        "flaky" : false,
        "newFailed" : false,
        "parameters" : [ "' - 加拿大队'", "'加拿大'" ]
      }, {
        "name" : "测试用例标题1",
        "uid" : "1d37f59ccbd4c2a",
        "parentUid" : "689b347f124beab8bd9208b1fadae977",
        "status" : "passed",
        "time" : {
          "start" : 1609083765473,
          "stop" : 1609083770289,
          "duration" : 4816
        },
        "flaky" : false,
        "newFailed" : false,
        "parameters" : [ "'中国'", "'apple'" ]
      }, {
        "name" : "test_user02[Canada2--USA1]",
        "uid" : "85d562179f49c4cd",
        "parentUid" : "689b347f124beab8bd9208b1fadae977",
        "status" : "passed",
        "time" : {
          "start" : 1609083822612,
          "stop" : 1609083822613,
          "duration" : 1
        },
        "flaky" : false,
        "newFailed" : false,
        "parameters" : [ "' - 加拿大队'", "'美国'" ]
      }, {
        "name" : "test_3_run",
        "uid" : "f5c2f6bd93497bf6",
        "parentUid" : "689b347f124beab8bd9208b1fadae977",
        "status" : "passed",
        "time" : {
          "start" : 1609083727313,
          "stop" : 1609083727313,
          "duration" : 0
        },
        "flaky" : false,
        "newFailed" : false,
        "parameters" : [ ]
      }, {
        "name" : "test_fixture01[-Canada1--Canada1]",
        "uid" : "6f3059a3d7e60772",
        "parentUid" : "689b347f124beab8bd9208b1fadae977",
        "status" : "passed",
        "time" : {
          "start" : 1609083822487,
          "stop" : 1609083822488,
          "duration" : 1
        },
        "flaky" : false,
        "newFailed" : false,
        "parameters" : [ "'加拿大'", "'加拿大'" ]
      }, {
        "name" : "test_error",
        "uid" : "ff605cf536c3b53",
        "parentUid" : "689b347f124beab8bd9208b1fadae977",
        "status" : "broken",
        "time" : {
          "start" : 1609083727321,
          "stop" : 1609083727322,
          "duration" : 1
        },
        "flaky" : false,
        "newFailed" : false,
        "parameters" : [ ]
      }, {
        "name" : "测试用例标题2",
        "uid" : "a560d4288e76d3b1",
        "parentUid" : "689b347f124beab8bd9208b1fadae977",
        "status" : "passed",
        "time" : {
          "start" : 1609083720933,
          "stop" : 1609083721945,
          "duration" : 1012
        },
        "flaky" : false,
        "newFailed" : false,
        "parameters" : [ "{2, 'apple'}", "'美国'" ]
      }, {
        "name" : "测试用例标题1",
        "uid" : "4a70723e7aa4ffe7",
        "parentUid" : "689b347f124beab8bd9208b1fadae977",
        "status" : "passed",
        "time" : {
          "start" : 1609083775040,
          "stop" : 1609083779394,
          "duration" : 4354
        },
        "flaky" : false,
        "newFailed" : false,
        "parameters" : [ "'中国'", "'cherry'" ]
      }, {
        "name" : "测试用例标题1",
        "uid" : "d243146209720954",
        "parentUid" : "689b347f124beab8bd9208b1fadae977",
        "status" : "passed",
        "time" : {
          "start" : 1609083756720,
          "stop" : 1609083765460,
          "duration" : 8740
        },
        "flaky" : false,
        "newFailed" : false,
        "parameters" : [ "'中国'", "'cheese'" ]
      }, {
        "name" : "测试用例标题1",
        "uid" : "597b76f54995abfd",
        "parentUid" : "689b347f124beab8bd9208b1fadae977",
        "status" : "passed",
        "time" : {
          "start" : 1609083793775,
          "stop" : 1609083798152,
          "duration" : 4377
        },
        "flaky" : false,
        "newFailed" : false,
        "parameters" : [ "'加拿大'", "'cherry'" ]
      }, {
        "name" : "测试用例标题1",
        "uid" : "488d46fa31105b59",
        "parentUid" : "689b347f124beab8bd9208b1fadae977",
        "status" : "passed",
        "time" : {
          "start" : 1609083770298,
          "stop" : 1609083775029,
          "duration" : 4731
        },
        "flaky" : false,
        "newFailed" : false,
        "parameters" : [ "'中国'", "'pearl'" ]
      }, {
        "name" : "test_user02[China2--Canada1]",
        "uid" : "8e7f27fd61bc6a2d",
        "parentUid" : "689b347f124beab8bd9208b1fadae977",
        "status" : "passed",
        "time" : {
          "start" : 1609083822560,
          "stop" : 1609083822560,
          "duration" : 0
        },
        "flaky" : false,
        "newFailed" : false,
        "parameters" : [ "' - 中国队'", "'加拿大'" ]
      }, {
        "name" : "测试用例标题1",
        "uid" : "38f2973067766d3",
        "parentUid" : "689b347f124beab8bd9208b1fadae977",
        "status" : "passed",
        "time" : {
          "start" : 1609083784454,
          "stop" : 1609083789170,
          "duration" : 4716
        },
        "flaky" : false,
        "newFailed" : false,
        "parameters" : [ "'加拿大'", "'apple'" ]
      }, {
        "name" : "test_fixture01[-Canada1--China1]",
        "uid" : "430c9250146dbf13",
        "parentUid" : "689b347f124beab8bd9208b1fadae977",
        "status" : "passed",
        "time" : {
          "start" : 1609083822478,
          "stop" : 1609083822478,
          "duration" : 0
        },
        "flaky" : false,
        "newFailed" : false,
        "parameters" : [ "'加拿大'", "'中国'" ]
      }, {
        "name" : "测试用例标题1",
        "uid" : "841169a0b577d672",
        "parentUid" : "689b347f124beab8bd9208b1fadae977",
        "status" : "passed",
        "time" : {
          "start" : 1609083803513,
          "stop" : 1609083808211,
          "duration" : 4698
        },
        "flaky" : false,
        "newFailed" : false,
        "parameters" : [ "'美国'", "'apple'" ]
      }, {
        "name" : "test_fixture02[Canada2--USA1]",
        "uid" : "f686d740255ccbe5",
        "parentUid" : "689b347f124beab8bd9208b1fadae977",
        "status" : "passed",
        "time" : {
          "start" : 1609083822393,
          "stop" : 1609083822393,
          "duration" : 0
        },
        "flaky" : false,
        "newFailed" : false,
        "parameters" : [ "' - 加拿大队'", "'美国'" ]
      }, {
        "name" : "test_fixture01[-USA1]",
        "uid" : "9928f832bd6c0bef",
        "parentUid" : "689b347f124beab8bd9208b1fadae977",
        "status" : "passed",
        "time" : {
          "start" : 1609083822334,
          "stop" : 1609083822334,
          "duration" : 0
        },
        "flaky" : false,
        "newFailed" : false,
        "parameters" : [ "'美国'" ]
      }, {
        "name" : "test_user02[USA2--China1]",
        "uid" : "db17144dd12cfdd3",
        "parentUid" : "689b347f124beab8bd9208b1fadae977",
        "status" : "passed",
        "time" : {
          "start" : 1609083822626,
          "stop" : 1609083822627,
          "duration" : 1
        },
        "flaky" : false,
        "newFailed" : false,
        "parameters" : [ "' - 美国队'", "'中国'" ]
      }, {
        "name" : "测试用例标题2",
        "uid" : "30aa69468b1575b",
        "parentUid" : "689b347f124beab8bd9208b1fadae977",
        "status" : "passed",
        "time" : {
          "start" : 1609083725229,
          "stop" : 1609083726241,
          "duration" : 1012
        },
        "flaky" : false,
        "newFailed" : false,
        "parameters" : [ "2", "'apple'" ]
      }, {
        "name" : "test_fixture02[USA2--USA1]",
        "uid" : "d85a7be31c8fb7c9",
        "parentUid" : "689b347f124beab8bd9208b1fadae977",
        "status" : "passed",
        "time" : {
          "start" : 1609083822431,
          "stop" : 1609083822432,
          "duration" : 1
        },
        "flaky" : false,
        "newFailed" : false,
        "parameters" : [ "' - 美国队'", "'美国'" ]
      }, {
        "name" : "test_fixture01[-USA1--Canada1]",
        "uid" : "fd7ba1b7343a405b",
        "parentUid" : "689b347f124beab8bd9208b1fadae977",
        "status" : "passed",
        "time" : {
          "start" : 1609083822522,
          "stop" : 1609083822523,
          "duration" : 1
        },
        "flaky" : false,
        "newFailed" : false,
        "parameters" : [ "'美国'", "'加拿大'" ]
      }, {
        "name" : "测试用例标题2",
        "uid" : "b231d69c4563a326",
        "parentUid" : "689b347f124beab8bd9208b1fadae977",
        "status" : "passed",
        "time" : {
          "start" : 1609083718908,
          "stop" : 1609083719911,
          "duration" : 1003
        },
        "flaky" : false,
        "newFailed" : false,
        "parameters" : [ "{2, 'apple'}", "'加拿大'" ]
      }, {
        "name" : "test_fixture[Canada]",
        "uid" : "f51e6d1fd56cc96e",
        "parentUid" : "689b347f124beab8bd9208b1fadae977",
        "status" : "passed",
        "time" : {
          "start" : 1609083817964,
          "stop" : 1609083817965,
          "duration" : 1
        },
        "flaky" : false,
        "newFailed" : false,
        "parameters" : [ "'加拿大'" ]
      }, {
        "name" : "测试用例标题1",
        "uid" : "b5257de683aab5a2",
        "parentUid" : "689b347f124beab8bd9208b1fadae977",
        "status" : "passed",
        "time" : {
          "start" : 1609083808219,
          "stop" : 1609083813041,
          "duration" : 4822
        },
        "flaky" : false,
        "newFailed" : false,
        "parameters" : [ "'美国'", "'pearl'" ]
      }, {
        "name" : "测试用例标题2",
        "uid" : "66e80277765054d3",
        "parentUid" : "689b347f124beab8bd9208b1fadae977",
        "status" : "passed",
        "time" : {
          "start" : 1609083717889,
          "stop" : 1609083718896,
          "duration" : 1007
        },
        "flaky" : false,
        "newFailed" : false,
        "parameters" : [ "{'cherry', 5}", "'中国'" ]
      }, {
        "name" : "test_2_run",
        "uid" : "836359c116069883",
        "parentUid" : "689b347f124beab8bd9208b1fadae977",
        "status" : "passed",
        "time" : {
          "start" : 1609083727305,
          "stop" : 1609083727305,
          "duration" : 0
        },
        "flaky" : false,
        "newFailed" : false,
        "parameters" : [ ]
      }, {
        "name" : "test_fixture02[Canada2--Canada1]",
        "uid" : "64142b098fba5708",
        "parentUid" : "689b347f124beab8bd9208b1fadae977",
        "status" : "passed",
        "time" : {
          "start" : 1609083822382,
          "stop" : 1609083822382,
          "duration" : 0
        },
        "flaky" : false,
        "newFailed" : false,
        "parameters" : [ "' - 加拿大队'", "'加拿大'" ]
      }, {
        "name" : "test_google_search_furniture[Canada]",
        "uid" : "ed0f54aafd563c30",
        "parentUid" : "689b347f124beab8bd9208b1fadae977",
        "status" : "passed",
        "time" : {
          "start" : 1609083714840,
          "stop" : 1609083715843,
          "duration" : 1003
        },
        "flaky" : false,
        "newFailed" : false,
        "parameters" : [ "'加拿大'" ]
      }, {
        "name" : "test_something",
        "uid" : "c974387e858c15f0",
        "parentUid" : "689b347f124beab8bd9208b1fadae977",
        "status" : "passed",
        "time" : {
          "start" : 1609083821306,
          "stop" : 1609083822309,
          "duration" : 1003
        },
        "flaky" : false,
        "newFailed" : false,
        "parameters" : [ ]
      }, {
        "name" : "test_1_run",
        "uid" : "5012179e41cb9b6f",
        "parentUid" : "689b347f124beab8bd9208b1fadae977",
        "status" : "passed",
        "time" : {
          "start" : 1609083727295,
          "stop" : 1609083727296,
          "duration" : 1
        },
        "flaky" : false,
        "newFailed" : false,
        "parameters" : [ ]
      }, {
        "name" : "test_fixture01[-China1--China1]",
        "uid" : "9abc7fe11fd2ceee",
        "parentUid" : "689b347f124beab8bd9208b1fadae977",
        "status" : "passed",
        "time" : {
          "start" : 1609083822445,
          "stop" : 1609083822446,
          "duration" : 1
        },
        "flaky" : false,
        "newFailed" : false,
        "parameters" : [ "'中国'", "'中国'" ]
      }, {
        "name" : "test_fixture01[-USA1--China1]",
        "uid" : "115bd7c2f498d0c4",
        "parentUid" : "689b347f124beab8bd9208b1fadae977",
        "status" : "passed",
        "time" : {
          "start" : 1609083822508,
          "stop" : 1609083822508,
          "duration" : 0
        },
        "flaky" : false,
        "newFailed" : false,
        "parameters" : [ "'美国'", "'中国'" ]
      }, {
        "name" : "测试用例标题1",
        "uid" : "990759bd2ccb903",
        "parentUid" : "689b347f124beab8bd9208b1fadae977",
        "status" : "passed",
        "time" : {
          "start" : 1609083798164,
          "stop" : 1609083803499,
          "duration" : 5335
        },
        "flaky" : false,
        "newFailed" : false,
        "parameters" : [ "'美国'", "'cheese'" ]
      }, {
        "name" : "test_user02[USA2--USA1]",
        "uid" : "d0847e31d776f4b0",
        "parentUid" : "689b347f124beab8bd9208b1fadae977",
        "status" : "passed",
        "time" : {
          "start" : 1609083822651,
          "stop" : 1609083822651,
          "duration" : 0
        },
        "flaky" : false,
        "newFailed" : false,
        "parameters" : [ "' - 美国队'", "'美国'" ]
      }, {
        "name" : "test1",
        "uid" : "a9590d78d69c981d",
        "parentUid" : "689b347f124beab8bd9208b1fadae977",
        "status" : "passed",
        "time" : {
          "start" : 1609083820288,
          "stop" : 1609083821294,
          "duration" : 1006
        },
        "flaky" : false,
        "newFailed" : false,
        "parameters" : [ ]
      }, {
        "name" : "test_google_search_furniture[China]",
        "uid" : "d9b11db7d60657c7",
        "parentUid" : "689b347f124beab8bd9208b1fadae977",
        "status" : "passed",
        "time" : {
          "start" : 1609083713815,
          "stop" : 1609083714825,
          "duration" : 1010
        },
        "flaky" : false,
        "newFailed" : false,
        "parameters" : [ "'中国'" ]
      }, {
        "name" : "test_fixture02[China2--China1]",
        "uid" : "3485405a48a519bd",
        "parentUid" : "689b347f124beab8bd9208b1fadae977",
        "status" : "passed",
        "time" : {
          "start" : 1609083822340,
          "stop" : 1609083822341,
          "duration" : 1
        },
        "flaky" : false,
        "newFailed" : false,
        "parameters" : [ "' - 中国队'", "'中国'" ]
      }, {
        "name" : "test_fixture02[China2--USA1]",
        "uid" : "19c6ee2126efe92a",
        "parentUid" : "689b347f124beab8bd9208b1fadae977",
        "status" : "passed",
        "time" : {
          "start" : 1609083822362,
          "stop" : 1609083822362,
          "duration" : 0
        },
        "flaky" : false,
        "newFailed" : false,
        "parameters" : [ "' - 中国队'", "'美国'" ]
      }, {
        "name" : "测试用例标题2",
        "uid" : "5ea96407b3307522",
        "parentUid" : "689b347f124beab8bd9208b1fadae977",
        "status" : "passed",
        "time" : {
          "start" : 1609083721954,
          "stop" : 1609083722963,
          "duration" : 1009
        },
        "flaky" : false,
        "newFailed" : false,
        "parameters" : [ "{'cherry', 5}", "'美国'" ]
      }, {
        "name" : "test_fixture01[-China1--USA1]",
        "uid" : "4ece9c01aab8870f",
        "parentUid" : "689b347f124beab8bd9208b1fadae977",
        "status" : "passed",
        "time" : {
          "start" : 1609083822467,
          "stop" : 1609083822468,
          "duration" : 1
        },
        "flaky" : false,
        "newFailed" : false,
        "parameters" : [ "'中国'", "'美国'" ]
      }, {
        "name" : "test_user02[USA2--Canada1]",
        "uid" : "44a8c173996a1816",
        "parentUid" : "689b347f124beab8bd9208b1fadae977",
        "status" : "passed",
        "time" : {
          "start" : 1609083822639,
          "stop" : 1609083822640,
          "duration" : 1
        },
        "flaky" : false,
        "newFailed" : false,
        "parameters" : [ "' - 美国队'", "'加拿大'" ]
      }, {
        "name" : "测试用例标题2",
        "uid" : "f4d7bf6775752733",
        "parentUid" : "689b347f124beab8bd9208b1fadae977",
        "status" : "passed",
        "time" : {
          "start" : 1609083716874,
          "stop" : 1609083717877,
          "duration" : 1003
        },
        "flaky" : false,
        "newFailed" : false,
        "parameters" : [ "{2, 'apple'}", "'中国'" ]
      }, {
        "name" : "测试用例标题2",
        "uid" : "d66533754326f266",
        "parentUid" : "689b347f124beab8bd9208b1fadae977",
        "status" : "passed",
        "time" : {
          "start" : 1609083719921,
          "stop" : 1609083720923,
          "duration" : 1002
        },
        "flaky" : false,
        "newFailed" : false,
        "parameters" : [ "{'cherry', 5}", "'加拿大'" ]
      }, {
        "name" : "测试用例标题1",
        "uid" : "f00452526afd54f4",
        "parentUid" : "689b347f124beab8bd9208b1fadae977",
        "status" : "passed",
        "time" : {
          "start" : 1609083779405,
          "stop" : 1609083784440,
          "duration" : 5035
        },
        "flaky" : false,
        "newFailed" : false,
        "parameters" : [ "'加拿大'", "'cheese'" ]
      }, {
        "name" : "test_fixture01[-USA1--USA1]",
        "uid" : "c428d4e59a44d361",
        "parentUid" : "689b347f124beab8bd9208b1fadae977",
        "status" : "passed",
        "time" : {
          "start" : 1609083822536,
          "stop" : 1609083822536,
          "duration" : 0
        },
        "flaky" : false,
        "newFailed" : false,
        "parameters" : [ "'美国'", "'美国'" ]
      }, {
        "name" : "test_fixture01[-China1--Canada1]",
        "uid" : "34f48ae3f219441e",
        "parentUid" : "689b347f124beab8bd9208b1fadae977",
        "status" : "passed",
        "time" : {
          "start" : 1609083822456,
          "stop" : 1609083822457,
          "duration" : 1
        },
        "flaky" : false,
        "newFailed" : false,
        "parameters" : [ "'中国'", "'加拿大'" ]
      }, {
        "name" : "test_user02[Canada2--China1]",
        "uid" : "957590af9f3e2bc",
        "parentUid" : "689b347f124beab8bd9208b1fadae977",
        "status" : "passed",
        "time" : {
          "start" : 1609083822585,
          "stop" : 1609083822585,
          "duration" : 0
        },
        "flaky" : false,
        "newFailed" : false,
        "parameters" : [ "' - 加拿大队'", "'中国'" ]
      }, {
        "name" : "test_fixture[USA]",
        "uid" : "ff73ec2856a90750",
        "parentUid" : "689b347f124beab8bd9208b1fadae977",
        "status" : "passed",
        "time" : {
          "start" : 1609083817973,
          "stop" : 1609083817974,
          "duration" : 1
        },
        "flaky" : false,
        "newFailed" : false,
        "parameters" : [ "'美国'" ]
      }, {
        "name" : "test_user02[China2--China1]",
        "uid" : "6c32632418a639af",
        "parentUid" : "689b347f124beab8bd9208b1fadae977",
        "status" : "passed",
        "time" : {
          "start" : 1609083822548,
          "stop" : 1609083822548,
          "duration" : 0
        },
        "flaky" : false,
        "newFailed" : false,
        "parameters" : [ "' - 中国队'", "'中国'" ]
      }, {
        "name" : "test_fixture01[-Canada1]",
        "uid" : "a395445ac97d98ce",
        "parentUid" : "689b347f124beab8bd9208b1fadae977",
        "status" : "passed",
        "time" : {
          "start" : 1609083822328,
          "stop" : 1609083822329,
          "duration" : 1
        },
        "flaky" : false,
        "newFailed" : false,
        "parameters" : [ "'加拿大'" ]
      }, {
        "name" : "测试用例标题1",
        "uid" : "36cbf5f4844d3295",
        "parentUid" : "689b347f124beab8bd9208b1fadae977",
        "status" : "passed",
        "time" : {
          "start" : 1609083813054,
          "stop" : 1609083817947,
          "duration" : 4893
        },
        "flaky" : false,
        "newFailed" : false,
        "parameters" : [ "'美国'", "'cherry'" ]
      }, {
        "name" : "test_fixture01[-Canada1--USA1]",
        "uid" : "9b9c33c00c5a16a",
        "parentUid" : "689b347f124beab8bd9208b1fadae977",
        "status" : "passed",
        "time" : {
          "start" : 1609083822495,
          "stop" : 1609083822495,
          "duration" : 0
        },
        "flaky" : false,
        "newFailed" : false,
        "parameters" : [ "'加拿大'", "'美国'" ]
      }, {
        "name" : "test_fixture01[-China1]",
        "uid" : "861a3f152e77374f",
        "parentUid" : "689b347f124beab8bd9208b1fadae977",
        "status" : "passed",
        "time" : {
          "start" : 1609083822322,
          "stop" : 1609083822322,
          "duration" : 0
        },
        "flaky" : false,
        "newFailed" : false,
        "parameters" : [ "'中国'" ]
      }, {
        "name" : "test_fixture02[USA2--China1]",
        "uid" : "d9644f36f06ee3f8",
        "parentUid" : "689b347f124beab8bd9208b1fadae977",
        "status" : "passed",
        "time" : {
          "start" : 1609083822404,
          "stop" : 1609083822405,
          "duration" : 1
        },
        "flaky" : false,
        "newFailed" : false,
        "parameters" : [ "' - 美国队'", "'中国'" ]
      }, {
        "name" : "test_upper",
        "uid" : "33cfea3f40034857",
        "parentUid" : "689b347f124beab8bd9208b1fadae977",
        "status" : "passed",
        "time" : {
          "start" : 1609083727424,
          "stop" : 1609083727424,
          "duration" : 0
        },
        "flaky" : false,
        "newFailed" : false,
        "parameters" : [ ]
      }, {
        "name" : "test_fixture[China]",
        "uid" : "dc5501f449a73c1f",
        "parentUid" : "689b347f124beab8bd9208b1fadae977",
        "status" : "passed",
        "time" : {
          "start" : 1609083817956,
          "stop" : 1609083817956,
          "duration" : 0
        },
        "flaky" : false,
        "newFailed" : false,
        "parameters" : [ "'中国'" ]
      }, {
        "name" : "test_google_search_furniture[USA]",
        "uid" : "5154e61533ced5b3",
        "parentUid" : "689b347f124beab8bd9208b1fadae977",
        "status" : "passed",
        "time" : {
          "start" : 1609083715852,
          "stop" : 1609083716865,
          "duration" : 1013
        },
        "flaky" : false,
        "newFailed" : false,
        "parameters" : [ "'美国'" ]
      } ],
      "uid" : "689b347f124beab8bd9208b1fadae977"
    } ],
    "uid" : "7e8706509ccb6593960abb742d715c95"
  } ]
}